text,label
"TV ka design normal hai, zyada khas nahi lagta.",1
Picture quality acchi hai lekin kuch exceptional nahi hai.,1
"Sound quality thik hai, na zyada loud hai na bohot low.",1
"TV ka interface theek hai, kuch naya feel nahi hota.",1
"Smart TV features kaafi basic hain, kuch khaas nahi hai.",1
"TV ka performance thik hai, kuch major issues nahi hain.",1
"Installation process kaafi simple thi, koi major problem nahi aayi.",1
"Picture brightness acchi hai, but overexposure ka issue kabhi kabhi hota hai.",1
"TV ki size average hai, na bohot chhoti hai na bohot badi.",1
"Remote control ka design normal hai, buttons thik se kaam karte hain.",1
"TV ka overall performance theek hai, koi major complaints nahi hain.",1
"Connectivity options thik hain, but limited HDMI ports hain.",1
"Display ka quality thik hai, brightness and contrast acchi hai.",1
"Sound clarity thik hai, bass thoda kam hai lekin manageable hai.",1
"TV ka app store kaafi simple hai, zyada apps nahi hain.",1
"Viewing angle theek hai, bas front se clear dikhayi deta hai.",1
"TV ka response time average hai, zyada fast nahi hai lekin acceptable hai.",1
"Screen size acchi hai, lekin larger screens ke liye thoda space chahiye hota hai.",1
"TV ka refresh rate average hai, gaming ke liye zyada best nahi hai.",1
"TV ka interface clean hai, lekin kuch features thode complex lagte hain.",1
"Picture quality acchi hai, lekin night mode mein thoda clarity ka issue hota hai.",1
"TV mein remote ka response theek hai, kabhi kabhi lag hota hai.",1
"TV ka overall build quality achha hai, premium feel nahi hota.",1
"Screen clarity thik hai, lekin sometimes brightness adjustment zaroori hota hai.",1
"Sound volume kaafi thik hai, lekin bass zyada deep nahi hai.",1
"App navigation kaafi simple hai, but kuch apps thoda slow load karte hain.",1
"TV ka design functional hai, but kuch modern look nahi milta.",1
"Installation kaafi simple thi, technician time par aaya tha.",1
"Connectivity options kaafi limited hain, but kaafi basic zaruraton ko cover karte hain.",1
"Picture settings thik hain, but customization kaafi limited hai.",1
"TV ka color display thik hai, but thoda more saturation hona chahiye.",1
"Remote kaafi convenient hai, lekin buttons kaafi small hain.",1
"TV ka software thik hai, updates kabhi kabhi late aate hain.",1
"Display brightness kaafi decent hai, lekin day time mein thoda low ho sakta hai.",1
"TV ka motion handling thik hai, but fast scenes mein thoda lag dekha jata hai.",1
"TV ka user interface theek hai, lekin kabhi kabhi lag feel hota hai.",1
"Sound output kaafi clear hai, lekin surround sound ka effect utna accha nahi hai.",1
"Picture quality overall acchi hai, but dark scenes thoda unclear lagte hain.",1
"TV mein apps kaafi slow load karte hain, but fir bhi work karte hain.",1
"Viewing experience acchi hai, but brightness thoda kam ho sakta hai.",1
"Screen size kaafi achha hai, but kisi chhote room ke liye thoda bada ho sakta hai.",1
"Remote kaafi functional hai, lekin thoda bulky lagta hai.",1
"TV ka performance average hai, lekin lag issues kabhi kabhi hote hain.",1
"Picture sharpness thik hai, lekin highly detailed scenes mein clarity kam hoti hai.",1
"Sound clarity normal hai, lekin volume increase karne par distortion hota hai.",1
"TV ka overall user experience thik hai, but improvements ki zarurat hai.",1
"App performance average hai, kuch apps thoda slow load hote hain.",1
"TV ka installation kaafi easy thi, koi extra steps nahi the.",1
"Display ka quality thik hai, lekin outdoor lighting mein thoda issue hota hai.",1
"Sound system kaafi simple hai, but average sound experience milta hai.",1
"TV ka screen size average hai, kisi bhi room ke liye accha hai.",1
"TV ka connectivity thik hai, but Wi-Fi ka signal thoda weak hota hai.",1
"Picture contrast kaafi decent hai, lekin kabhi kabhi brightness thoda low lagta hai.",1
"TV mein updates time par aate hain, lekin performance thoda slow lagta hai.",1
"Remote ka design theek hai, lekin buttons kaafi small hain.",1
"TV mein sound clarity thik hai, lekin volume increase karte waqt clarity thoda loss hota hai.",1
"TV ka build quality thik hai, but design zyada attractive nahi hai.",1
"Picture quality thik hai, but sometimes screen overexposed lagti hai.",1
"TV mein apps ka performance thik hai, but kabhi kabhi apps crash karte hain.",1
"Sound output kaafi average hai, but overall experience okay hai.",1
"Picture clarity thik hai, but sunlight mein kabhi kabhi issue hota hai.",1
"TV ka motion handling thik hai, lekin fast action scenes mein blur hota hai.",1
"Screen size thik hai, but kisi chhote room ke liye bohot bada ho sakta hai.",1
"TV ka refresh rate thik hai, lekin gaming ke liye utna smooth nahi hai.",1
"TV mein built-in apps thik hain, but lag hota hai kabhi kabhi.",1
"TV ka interface simple hai, lekin kabhi kabhi slow response hota hai.",1
"Picture sharpness acchi hai, lekin outdoor light mein thoda problem hota hai.",1
"TV mein sound quality thik hai, but bass kaafi low hai.",1
"TV mein connectivity options thik hain, but Wi-Fi thoda slow hai.",1
"TV ka user experience thik hai, but kabhi kabhi lag ya freeze hota hai.",1
"Screen brightness thik hai, but bright light mein thoda low dikhayi deta hai.",1
"TV ka performance overall thik hai, lekin kuch improvements zaroori hain.",1
"TV ka design decent hai, but kuch modern touch kaafi missing hai.",1
"TV ka picture clarity thik hai, but details thoda blurry dikhayi deti hain.",1
"Sound clarity normal hai, but volume badhate waqt thoda distortion hota hai.",1
"TV mein streaming services thik se work karte hain, but kabhi kabhi buffering hota hai.",1
"Picture quality overall thik hai, but fast scenes mein blur hota hai.",1
"TV mein app store kaafi limited hai, but basic apps mil jaate hain.",1
"TV ka performance theek hai, lekin kabhi kabhi apps crash karte hain.",1
"Display ka quality accha hai, lekin brightness thoda low lagta hai.",1
"TV ka build quality acchi hai, but design zyada appealing nahi hai.",1
"TV mein picture sharpness thik hai, but details mein kabhi kabhi loss hota hai.",1
"Sound output kaafi average hai, lekin thik hai daily use ke liye.",1
"Picture clarity theek hai, but kabhi kabhi image mein sharpness ka issue hota hai.",1
"TV ka overall performance theek hai, but refresh rate thoda low lagta hai.",1
"TV ka connectivity options theek hain, but limited HDMI ports hain.",1
"Screen size thik hai, but kisi chhote room ke liye utna suitable nahi hai.",1
"Remote ka design thik hai, lekin kabhi kabhi response slow hota hai.",1
Yeh car bahut smooth aur comfortable hai!,2
"Mileage zabardast hai, pocket-friendly bhi hai.",2
"Looks mein top-notch, performance bhi best hai.",2
Long drives ke liye perfect car hai.,2
Engine powerful aur fuel-efficient hai.,2
Interior classy aur spacious hai.,2
Drive karte waqt luxury ka feel aata hai.,2
"Suspension itna smooth, gaddhe feel hi nahi hote.",2
Yeh car family ke liye perfect hai.,2
Road grip aur handling dono superb hain.,2
AC performance bahut acha hai.,2
Iska music system high quality hai.,2
Low maintenance aur high performance.,2
Safety features next level hain.,2
City driving ke liye ekdum best option.,2
Iska design futuristic lagta hai.,2
Resale value bhi achhi milti hai.,2
Raat mein iska headlight system kamaal ka hai.,2
Automatic variant driving ka mazza badha deta hai.,2
Pehli ride se hi iska feel premium hai.,2
Gear shifting smooth aur effortless hai.,2
"Iska ground clearance high hai, roads pe perfect hai.",2
Seats ka comfort unmatched hai.,2
Engine ki pickup ekdum zabardast hai.,2
Fuel consumption kaafi kam hai.,2
Road trips ke liye ek must-have car hai.,2
Build quality kaafi solid aur reliable hai.,2
Steering control bahut precise hai.,2
Bluetooth connectivity quick aur reliable hai.,2
Car ki speed aur balance ekdam perfect hai.,2
Eco mode fuel save karne mein madad karta hai.,2
Boot space kaafi large aur convenient hai.,2
Iske tyre ka grip bahut reliable hai.,2
On-road presence kaafi stylish hai.,2
Petrol aur diesel dono mein efficiency zabardast hai.,2
Top speed bahut smooth aur stable hai.,2
Noise cancellation andar kaafi acchi hai.,2
Drive karte waqt ekdum safe feel hota hai.,2
Smart features aur technology se loaded hai.,2
Daily commute ke liye bhi ekdam ideal car hai.,2
Iska AC fast cooling karta hai.,2
Ek compact aur feature-rich car hai.,2
Dashboard ka design kaafi modern hai.,2
Premium feel ke saath budget-friendly option hai.,2
Tyre quality bahut durable aur reliable hai.,2
Eco-friendly features bhi diye gaye hain.,2
Steering par controls kaafi convenient hain.,2
Luxury aur affordability ka perfect combo hai.,2
Engine sound kaafi refined hai.,2
In-city aur highway driving dono ke liye perfect.,2
Braking system ekdum responsive hai.,2
Drive karne mein mazza aa jata hai.,2
Seats foldable aur kaafi flexible hain.,2
Long term use ke liye reliable option hai.,2
Power steering bahut effortless lagta hai.,2
Smartphone integration seamless hai.,2
USB aur aux features easily accessible hain.,2
Hill driving ke liye kaafi safe aur powerful hai.,2
Family aur friends sab impressed ho gaye car se.,2
Color options kaafi attractive hain.,2
Horn ka sound bilkul balanced hai.,2
Battery backup aur charging speed kaafi achhi hai.,2
Automatic wipers aur sensors kaafi useful hain.,2
Sunroof ke saath ek luxury feel milti hai.,2
Pehle hi test drive mein purchase ka decision le liya.,2
Build aur design dono hi impressive hain.,2
Compact hai lekin andar se spacious feel hoti hai.,2
Seats ka lumbar support kaafi acha hai.,2
Reverse camera aur sensors kaafi accurate hain.,2
Bluetooth calling features ekdum hassle-free hain.,2
Highways pe iska mileage aur smoothness unbeatable hai.,2
Service aur maintenance kaafi affordable hai.,2
Eco mode driving ke liye perfect hai.,2
Headlight throw kaafi sharp aur clear hai.,2
Drive modes kaafi practical aur useful hain.,2
Customer service bhi bahut acha hai.,2
Sound system premium quality ka hai.,2
Potholes ka impact andar feel nahi hota.,2
Road trips ka experience unforgettable ban gaya.,2
Iska resale market kaafi strong hai.,2
Auto parking feature kaafi convenient hai.,2
Driver seat adjustment kaafi easy aur quick hai.,2
Wireless charging ka feature kaafi helpful hai.,2
High torque aur power delivery ekdam smooth hai.,2
Top model ekdum value-for-money hai.,2
Navigation aur maps integration accurate hai.,2
Peechhe baithne walon ke liye bhi kaafi leg space hai.,2
Headroom aur shoulder space bhi perfect hai.,2
Color finish kaafi premium aur durable lagti hai.,2
Luxury cars se compare karein toh yeh affordable hai.,2
Window controls aur locking system kaafi advanced hai.,2
Driving assist features kaafi advanced hain.,2
Tire pressure monitoring feature helpful hai.,2
In-built infotainment system kaafi smooth hai.,2
Remote start aur lock features convenient hain.,2
Android Auto aur Apple CarPlay seamless hai.,2
City traffic me bhi kaafi zyada efficient hai.,2
Affordable EMI options ke saath perfect purchase hai.,2
Car mein ek alag level ka swag feel hota hai.,2
"Comfort, power aur style ka perfect combination hai.",2
Washing machine ke kapde properly saaf nahi hote.,0
Bahut noise karta hai jab chalti hai.,0
"Spin speed slow hai, kapde dry nahi hote.",0
Paise barbaad ho gaye is washing machine par.,0
Ek mahine ke andar kharab ho gayi.,0
Customer care bilkul response nahi karta.,0
Water leakage ka problem hai is machine mein.,0
Electricity ka bill double ho gaya isse.,0
Kapde ka color fade kar deta hai.,0
Machine baar-baar error dikhati hai.,0
Warranty hone ke baad bhi service nahi milti.,0
"Bahut heavy hai, move karna mushkil hai.",0
Detergent properly dissolve nahi hota.,0
"Buttons bahut delicate hain, jaldi kharab ho gaye.",0
Bina reason ke machine ruk jaati hai.,0
Spin cycle ke baad bhi kapde geele hote hain.,0
"Iski pipe fitting weak hai, baar-baar leak hoti hai.",0
Machine ke andar badbu rehne lagi hai.,0
Parts ka quality bahut cheap hai.,0
"Jo promises diye the, wo fulfill nahi hue.",0
Iski timer settings confusing hain.,0
Kapdon ki stitching kharab kar deta hai.,0
Drum andar se bahut delicate hai.,0
Machine start hone mein time lagati hai.,0
Manual instructions clear nahi hain.,0
Half load pe bhi power consumption zyada hai.,0
Machine bahut jaldi heat up ho jaati hai.,0
Kapde andar atak jaate hain.,0
Washing time bahut zyada lagta hai.,0
Detergent tray mein detergent residue reh jata hai.,0
Door lock kaam nahi karta properly.,0
Kapdon ke stains remove nahi hote.,0
Koi advanced features kaam ke nahi hain.,0
Bahut complicated controls hain.,0
Machine use karne ke baad pani overflow hota hai.,0
Machine ke andar rust develop ho raha hai.,0
Start button baar-baar jam ho jata hai.,0
Kapde wash karne ke baad rough feel hote hain.,0
Installation service time par nahi milti.,0
Kapde washing ke baad shrink ho gaye.,0
Iska drum ka size bahut chhota hai.,0
Machine ke andar ka material non-durable hai.,0
Bina warning ke machine band ho jaati hai.,0
Spin ke baad pani fully drain nahi hota.,0
Kapdon mein detergent smell reh jaati hai.,0
Repair ke liye technician available nahi hota.,0
Machine ka display kaam karna band kar diya.,0
Bahut vibration hota hai chalne par.,0
Iska drain pipe length short hai.,0
Kapde tangled ho jaate hain.,0
"Jo kapde nikalte hain, wo bilkul fresh nahi lagte.",0
Spin ke baad kapde me pani drip karta hai.,0
"Iska drum uneven hai, kapde damage ho jaate hain.",0
Detergent kaafi zyada use hota hai.,0
Machine ka noise unbearable hai.,0
Iska outer body fragile hai.,0
Overloading ki problem hoti hai.,0
Machine andar ke kapdon ko achhe se nahi ghoomati.,0
Kapdon ke fabric mein holes aa gaye.,0
Bina detergent bhi foam banta hai machine ke andar.,0
Ek baar chalane ke baad restart nahi hoti.,0
Machine mein paani kaafi der tak jam jaata hai.,0
Timer reset hone mein problem hoti hai.,0
Machine fully automatic hone ke bawjood manual lagti hai.,0
Koi bhi kapda properly clean nahi hota.,0
Installation mein technician late aata hai.,0
Detergent dispenser ke paas jam hota hai.,0
Bahut water wastage hota hai.,0
Iske settings complicated hain.,0
Door handle fragile hai.,0
Display ke indicators kaam nahi karte.,0
Iska spin bahut slow hai.,0
Pehle mahine mein parts replace karwane pade.,0
Iska motor weak lagta hai.,0
Machine cycle incomplete hoti hai.,0
Machine ke andar se smell aane lagti hai.,0
Kapdon par stains aur visible ho jaate hain.,0
Rustproof hone ka claim jhootha hai.,0
Parts kaafi costly hain.,0
Technical support ka experience pathetic hai.,0
Bahut zyada time consume karta hai.,0
Machine wash ke baad residue chhod deti hai.,0
"Jo kapde washable hote hain, unpe bhi impact hota hai.",0
"Agar overload hoti hai, toh warning nahi aati.",0
Machine ke andar pani leakage baar-baar hota hai.,0
Machine ka wash cycle incomplete rehta hai.,0
Iska design outdated lagta hai.,0
Buttons press karne par response slow hota hai.,0
Auto mode kaam nahi karta properly.,0
Kapde washing ke baad extra rough lagte hain.,0
Machine ke saath accessories incomplete aayi.,0
Iska heating element kaafi weak hai.,0
Machine ke andar wires visible hain.,0
Kapde andar ghoomte hi nahi.,0
Machine ke andar se metal rubbing ka sound aata hai.,0
Filter clogged ho jata hai easily.,0
Iska maintenance bahut costly hai.,0
Kapde smell karte hain wash ke baad.,0
Iska water inlet slow hai.,0
Machine ke andar jagah kaafi kam lagti hai.,0
"Mobile phone average hai, na zyada acha na kharab.",1
"Phone theek hai, basic tasks ke liye kaafi hai.",1
"Performance decent hai, daily use ke liye chal jaata hai.",1
"Camera thoda improve ho sakta hai, par chal jaata hai.",1
"Battery life thik hai, zyada expect mat karo.",1
"Design acha hai, par kuch extraordinary nahi hai.",1
"Display thik-thak hai, bright enough hai indoor use ke liye.",1
"Sound quality theek hai, par loudness thoda kam hai.",1
"Touch response okay hai, occasional lag ho sakta hai.",1
"Phone ka build quality average hai, metal ya glass feel nahi hai.",1
"Storage thik hai, thoda expand kar sakte hai.",1
"Performance gaming ke liye bilkul fine hai, moderate games chalega.",1
"Camera zoom thik hai, high-quality shots nahi expect karna.",1
"Battery charging speed average hai, zyada fast nahi hai.",1
Software updates kabhi-kabhi delay ho jaate hain.,1
"Phone ka weight manageable hai, heavy feel nahi hota.",1
"Fingerprint sensor theek kaam karta hai, kabhi-kabhi miss bhi ho sakta hai.",1
"Network reception average hai, kabhi-kabhi weak ho sakta hai.",1
"Call quality decent hai, clear sunai deta hai.",1
"Design simple hai, par stylish nahi hai.",1
"Face unlock thoda slow hai, par kaam kar jaata hai.",1
"Phone ka processor average hai, basic tasks ke liye sufficient hai.",1
"Display clarity achhi hai, par outdoor use mein mushkil ho sakti hai.",1
"Camera quality normal hai, bura nahi hai par kuch khaas bhi nahi.",1
"Mobile ka performance normal hai, heavy multitasking ke liye suitable nahi.",1
"Phone ka UI smooth hai, lekin koi special features nahi milte.",1
"Phone ka speaker average hai, loudness kam hai.",1
"Build quality thoda delicate hai, dhyaan dena padega.",1
"Price ke hisaab se phone thik hai, thoda expensive lagta hai.",1
"Battery backup thik hai, 1 din ka use chal jaata hai.",1
"Processor speed average hai, zyada high-end games ke liye not recommended.",1
"Display color saturation theek hai, zyada vibrant nahi lagta.",1
"Phone ka design modern hai, par premium feel nahi aata.",1
"Camera ka wide angle thoda ordinary hai, zoom me clarity nahi milti.",1
"Network speed average hai, fast nahi hai.",1
"Touchscreen sensitivity theek hai, par kabhi kabhi response slow hota hai.",1
"Phone ka charging time moderate hai, zyada fast nahi hai.",1
"Phone ka build plastic hai, premium materials nahi milte.",1
"Audio quality average hai, thoda improvement ki zaroorat hai.",1
Phone ka camera thoda low-light mein struggle karta hai.,1
"Fingerprint sensor kabhi-kabhi fail hota hai, improvement ki zaroorat hai.",1
"Phone ka speaker quality theek hai, lekin thoda better ho sakta tha.",1
"Battery health average hai, early wear and tear ka risk hai.",1
"Design simple hai, kisi ko boring lag sakta hai.",1
"Performance daily tasks ke liye achha hai, par heavy apps ke liye slow hai.",1
"Phone ka software update karna easy hai, par kabhi kabhi time lagta hai.",1
"Display ka brightness normal hai, outdoor use ke liye best nahi hai.",1
Mobile ka camera outdoor lighting mein thoda ordinary hai.,1
"Phone ka interface clean hai, lekin customization options kam hai.",1
"Call clarity theek hai, par kuch areas mein issues ho sakte hain.",1
"Phone ka overall experience decent hai, but nothing extraordinary.",1
"Camera ka portrait mode fine hai, par aise features sab phone mein hain.",1
"Display resolution theek hai, par ultra-sharp nahi hai.",1
"Network coverage thik hai, par kabhi-kabhi weak hota hai.",1
"Phone ka operating system smooth hai, lekin outdated features hain.",1
"Battery backup daily tasks ke liye sufficient hai, heavy usage mein kam padta hai.",1
"Storage thik hai, lekin expandable option hone chahiye tha.",1
"Charging speed moderate hai, zyada fast nahi hai.",1
"Camera ka autofocus thoda slow hai, par kaam chal jaata hai.",1
"Phone ka design basic hai, lekin comfortable hai haath mein.",1
"Display ka touch quality thik hai, par response kabhi-kabhi slow hota hai.",1
"Phone ka weight medium hai, not too heavy or light.",1
"Performance decent hai, basic apps smoothly chalti hain.",1
"Battery performance achha hai, ek din ka use chal jaata hai.",1
Camera ka performance bright lighting mein thik hai.,1
"Charging port quality achhi hai, par kabhi-kabhi cable properly fit nahi hoti.",1
"Phone ka speaker volume enough hai, but thoda low ho sakta hai.",1
"Processor speed moderate hai, multitasking mein thoda slow ho sakta hai.",1
"Touchscreen ka response thik hai, kabhi-kabhi lag hota hai.",1
"Phone ka software stable hai, lekin aur features ki zaroorat hai.",1
"Display clarity average hai, outdoor mein dekhna mushkil ho sakta hai.",1
"Battery charging time moderate hai, zyada fast nahi hai.",1
"Phone ka back panel kaafi smooth hai, par fingerprints easily lagte hain.",1
"Design simple hai, lekin build quality better ho sakti thi.",1
"Phone ka overall experience decent hai, lekin aur improvements chahiye.",1
"Speaker sound quality thik hai, par bass thoda kam hai.",1
"Battery life moderate hai, daily use ke liye chalti hai.",1
"Display size thik hai, par zooming pe thoda blur hota hai.",1
"Phone ka performance average hai, basic use ke liye suitable hai.",1
"Camera ka performance bright light mein thik hai, but low light mein struggle karta hai.",1
"Phone ka grip comfortable hai, par smooth surface pe slip ho sakta hai.",1
"Charging speed average hai, fast charging ka option nahi hai.",1
"Phone ka software update time-to-time milta hai, but delays ho jaate hain.",1
"Camera ka night mode decent hai, but improvement ki zaroorat hai.",1
"Phone ka screen size thik hai, par agar bada hota toh better tha.",1
"Network reception decent hai, kabhi-kabhi thoda weak hota hai.",1
"Phone ka performance moderate hai, multitasking ke liye thoda weak hai.",1
"Battery drain moderate hai, heavy use mein thoda zyada ho sakta hai.",1
"Design simple hai, kisi ko basic lag sakta hai.",1
"Phone ka processor speed theek hai, but heavy apps ke liye slow hai.",1
"Display brightness average hai, zyada bright nahi hota.",1
"Phone ka camera ka performance normal hai, but low-light mein issues hote hain.",1
"Network coverage kaafi decent hai, par thoda improvement ho sakta hai.",1
"Camera ka selfie quality average hai, zyada sharp nahi hota.",1
"Charging cable thik hai, but not the best quality.",1
"Display colors thik hai, but outdoor mein clarity thodi kam hoti hai.",1
"Kapdon ka fabric quality bohot kharab hai, bilkul comfortable nahi hai.",0
"Jo color online dikhaya tha, woh bilkul alag nikla.",0
Ek wash ke baad kapdon ka color fade ho gaya.,0
"Stitching bohot bekaar hai, do din mein hi silai khul gayi.",0
"Size bilkul accurate nahi hai, fitting bilkul bhi nahi aayi.",0
"Kapde itne thin hain, andar ka sab kuch dikh raha hai.",0
"Delivery bohot late aayi, kaafi wait karna pada.",0
"Design bohot outdated lag raha hai, bilkul bhi modern nahi hai.",0
"Kapde pehne par skin rash ho gaya, quality poor hai.",0
"Packaging itni gandi thi, kapde khule huye aaye.",0
Price ke hisaab se quality bilkul match nahi karti.,0
"Buttons bohot jaldi toot gaye, replacement bhi nahi mila.",0
"Customer service bilkul non-cooperative hai, koi help nahi karta.",0
"Kapdon ka fabric rough hai, bilkul soft touch nahi hai.",0
"Thread nikalte ja rahe hain, ek baar pehnne par hi.",0
Logo ka placement kapdon par kaafi weird lagta hai.,0
"Material bilkul breathable nahi hai, garmi mein pehnna mushkil hai.",0
"Refund policy bohot complicated hai, paisa wapas nahi milta.",0
"Zippers ka quality itna kharab hai, ek baar use mein hi kharaab ho gaya.",0
"Kapde bohot heavy lagte hain, daily use ke liye bilkul nahi.",0
"Color kaafi dull lag raha hai, bilkul vibrant nahi hai.",0
Kapdon mein stitching ka alignment kharab tha.,0
Kapde wash karte hi shrink ho gaye.,0
"Label pe jo likha tha, woh bilkul galat tha, size different tha.",0
"Kapde kaafi cheaply made lagte hain, premium feel bilkul nahi hai.",0
"Kapdon mein smell bohot strong thi, wash karne ke baad bhi nahi gayi.",0
Pehle hi wear mein kapde tear ho gaye.,0
Delivery mein wrong product bhej diya.,0
Print design bohot poorly done lag raha hai.,0
Kapde bilkul bhi stretchable nahi hain.,0
"Threads baar baar niklte hain, irritating lagta hai.",0
"Fabric bilkul transparent hai, decent nahi lagta.",0
Kapdon ka length aur width bilkul disproportionate hai.,0
Kapdon ke saath accessories missing thi.,0
"Jo ordered kiya tha, woh color nahi bheja.",0
Kapdon ka texture bohot rough lagta hai.,0
Wash ke baad kapde ekdum loose ho gaye.,0
Kapdon mein ek ajeeb chemical smell thi.,0
Ek wash ke baad hi threads tear hone lage.,0
Kapde pehnne ke baad bilkul suit nahi karte.,0
Kapdon mein visible stains the delivery ke waqt.,0
"Jo size order kiya tha, woh toh alag bhej diya.",0
"Quality control kaafi poor lagti hai, defective item mila.",0
Kapde ka design market ke according outdated lagta hai.,0
"Price itna high hai, quality ke hisaab se justify nahi hai.",0
"Packaging itni kharab thi, kapde damage ho gaye.",0
Kapde pehnne par itching hoti hai.,0
Kapde iron karte waqt jaldi burn ho gaye.,0
Washing instructions follow karne ke baad bhi kapde shrink ho gaye.,0
Kapde wash karne par color mix ho gaya.,0
Buttons ka placement kaafi ajeeb lagta hai.,0
"Kapde itne tight hain, comfortable movement nahi hoti.",0
"Kapde kaafi fragile lagte hain, durable bilkul nahi hain.",0
Kapdon ka look bilkul cheap lagta hai.,0
Kapde packaging ke andar se torn the.,0
Kapdon mein ek ajeeb se wrinkles permanently the.,0
Kapde wash karne par color bleed ho gaya.,0
Kapde dry karne par ekdum stiff lagte hain.,0
Kapde return karne ke liye process bohot tedious hai.,0
"Jo promised kiya tha, usse bilkul opposite quality mili.",0
Kapde ka fit aur cut kaafi weird lagta hai.,0
Kapde wash karne ke baad apni shape lose karte hain.,0
"Kapdon ke saath jo accessories the, woh missing nikle.",0
Kapde pehente hi ekdum bekaar lagte hain.,0
Kapdon ka stitching thread har jagah visible hai.,0
Kapdon ka material kaafi synthetic aur cheap lagta hai.,0
Kapde touch karte hi pata chalta hai ki low quality hain.,0
Kapdon ka elasticity bilkul khatam ho gaya ek wash mein.,0
Kapde andar se kaafi uncomfortable lagte hain.,0
Kapdon ka design aur image mismatch tha.,0
Refund lene ke liye 10 baar customer care ko contact karna pada.,0
Kapde pehnne par skin irritation hoti hai.,0
Kapde dry clean karne ke baad bhi stain nahi gaya.,0
Kapde ekdum low-grade material ke lagte hain.,0
Kapde dry hone ke baad ek ajeeb smell dete hain.,0
"Kapde bilkul breathable nahi hain, sweating hoti hai.",0
Kapdon ka stitching khulne lagta hai bina kisi reason ke.,0
Kapde wash karte hi apna shine lose kar dete hain.,0
Kapde iron karte waqt wrinkles nahi jaate.,0
Kapde storage ke waqt bhi fade ho gaye.,0
Kapde pehnne ke baad shape lose kar lete hain.,0
Kapdon ka material bilkul rough lagta hai.,0
Kapde washing ke baad stretch kar jaate hain.,0
Kapdon ka stitching ekdum uneven hai.,0
"Kapde transparent lagte hain, quality poor hai.",0
"Kapdon ka fit proper nahi hai, uncomfortable lagte hain.",0
Kapde delivery ke waqt already damaged the.,0
Kapdon ka look aur feel bilkul bhi premium nahi hai.,0
Kapde lightweight hone ke bawajood cheap lagte hain.,0
Kapdon ka print ek wash ke baad fade ho gaya.,0
Kapde pehnte hi bekaar aur cheap feel hote hain.,0
Kapdon ka elasticity bilkul khatam ho gaya.,0
Kapde kaafi rough aur hard lagte hain.,0
Kapde har wash ke baad apni quality lose karte hain.,0
"Kapde color kaafi dull lagta hai, cheap feel hota hai.",0
Kapdon ka texture aur print mismatch tha.,0
Kapdon ke stitches properly done nahi hain.,0
Kapde delivery ke time fold lines se bhar gaye the.,0
Kapde pehnte hi uncomfortable feel hote hain.,0
Kapde ek wash ke baad bilkul useless lagte hain.,0
"TV ki picture quality utni acchi nahi hai, colors dull lagte hain.",0
"Sound quality kuch khaas nahi hai, bass kaafi low hai.",0
"Display ka resolution clear nahi hai, thoda blurry dikhayi deta hai.",0
"TV ka design bohot outdated lagta hai, kuch modern feel nahi hoti.",0
"Smart TV features kaafi slow hain, apps ko open hone mein time lagta hai.",0
"Remote ka response slow hai, kabhi kabhi buttons work nahi karte.",0
"Picture quality mein motion blur dikhta hai, fast scenes dekhne mein dikkat hoti hai.",0
"LED TV hone ke bawajood, display brightness utni achhi nahi hai.",0
"Installation process kaafi time-consuming tha, technician bhi late aaye the.",0
"Sound output kaafi low hai, volume full pe karne ke baad bhi clear nahi sunayi deta.",0
"Connectivity options limited hain, HDMI ports aur USB ports kaafi kam hain.",0
"TV ka viewing angle bohot narrow hai, sirf front se clear dikhayi deta hai.",0
"TV ka frame kaafi bulky hai, space kam ho jata hai.",0
"Android TV kaafi laggy hai, apps frequently crash karte hain.",0
"Screen size bohot chhoti hai, sab kuch properly dekhna mushkil hota hai.",0
"TV ka response time slow hai, channel switch karne mein time lagta hai.",0
Picture settings mein customization kaafi limited hain.,0
"Remote control bohot bulky hai, use karna convenient nahi lagta.",0
"TV ki brightness itni zyada nahi hai, din ke time screen dikhayi nahi deti.",0
"TV mein lag hoti hai, kabhi kabhi content buffer hone lagta hai.",0
"Voice search feature kaafi inaccurate hai, commands ko samajhne mein dikkat hoti hai.",0
"TV mein different picture modes kaafi useless hain, koi difference nahi padta.",0
"Sound clarity kaafi poor hai, high volume pe distortion hota hai.",0
"HDMI ports bohot kam hain, ek time pe ek hi device connect kar sakte hain.",0
"TV ka interface complicated hai, app navigation thoda mushkil hai.",0
"Picture quality bilkul sharp nahi hai, HD content bhi dheere dheere lagta hai.",0
"TV mein updates kaafi late aate hain, software kaafi outdated lagta hai.",0
"Refresh rate low hai, fast scenes mein lag aur blur hota hai.",0
"TV ka overall build quality kaafi weak hai, feel nahi aata.",0
"TV ka installation kit bhi missing tha, technician ko baar baar call karna pada.",0
"App store kaafi limited hai, koi new apps easily install nahi hoti.",0
"TV ka sound bar kaafi weak hai, thoda aur powerful hona chahiye tha.",0
"HDMI aur USB ports kaafi hard to reach hain, convenient nahi hain.",0
"TV ka interface thoda cluttered hai, pehle se hi sab cheezein visible nahi hoti.",0
"Picture contrast kaafi low hai, dark scenes mein koi details nahi dikhayi deti.",0
"TV mein streaming apps ka performance slow hai, buffering kaafi hota hai.",0
"TV mein voice recognition kaafi inaccurate hai, baar baar commands repeat karni padti hain.",0
"TV ka display pe reflections aate hain, sunlight mein dekhna mushkil ho jaata hai.",0
"Screen size bohot bada tha, room ke liye space jyada ho gaya tha.",0
"Remote ka design achha nahi hai, buttons ko press karna thoda mushkil hota hai.",0
"TV ka installation process complex tha, properly set up nahi ho paaya tha.",0
"Sound output kaafi metallic hai, natural sound experience nahi milta.",0
"TV mein Wi-Fi connection kaafi weak hai, baar baar disconnect hota hai.",0
"Picture brightness low hai, raat ke time thik se dekhna bhi mushkil hota hai.",0
"TV mein apps crash karte hain, kaafi frustrating hota hai.",0
"TV ka motion handling kaafi poor hai, fast moving scenes blur ho jaate hain.",0
"TV mein remote ka signal kabhi kabhi break ho jaata hai, response slow hota hai.",0
"TV ka setup process complicated tha, zaroori accessories bhi missing thi.",0
"Display kaafi dull hai, aur colors kaafi washed out lagte hain.",0
"TV mein input lag kaafi noticeable hai, gaming ke liye ideal nahi hai.",0
"Picture sharpness kaafi low hai, koi clear details nahi milti.",0
"Sound quality kaafi flat hai, bass zyada deep nahi hai.",0
"TV mein built-in apps kaafi slow hain, load hone mein time lagta hai.",0
Brightness adjust karne ka option kaafi limited hai.,0
"TV mein apps kaafi outdated hain, koi bhi update nahi milti.",0
"TV ka build quality bohot flimsy hai, feel nahi hota premium.",0
"Smart TV kaafi laggy hai, apps load karte waqt hang ho jata hai.",0
"Picture clarity ke liye TV kaafi bekar hai, colors unrealistic lagte hain.",0
"Sound system bohot average hai, movie experience utna accha nahi hota.",0
"TV ka screen size over-sized hai, chhote rooms ke liye suitable nahi hai.",0
"Remote kaafi complex hai, buttons ko press karna mushkil hota hai.",0
"TV ka interface laggy hai, apps ka performance slow hai.",0
"TV mein refresh rate low hai, fast action scenes ke liye bekar hai.",0
"TV ka viewing angle limited hai, bas front se achha dikhayi deta hai.",0
"Picture contrast accha nahi hai, scenes dull lagte hain.",0
"TV ki build quality kaafi cheap lagti hai, premium feel nahi milti.",0
"TV ke ports kaafi hard to access hain, connectivity thoda problematic hai.",0
"Sound quality kaafi low hai, volume badhane pe clarity loss ho jaati hai.",0
"TV ka motion handling bohot poor hai, fast moving scenes blur ho jate hain.",0
"Display brightness kaafi low hai, sunlight mein dekhna mushkil hota hai.",0
"TV mein HDMI ports kam hain, ek hi device connect kar sakte hain.",0
"TV mein voice assistant kaafi useless hai, commands properly samajhta nahi.",0
"TV ka software kaafi outdated hai, apps crash karte hain.",0
"TV mein color accuracy kaafi poor hai, unrealistic colors dikhayi dete hain.",0
"TV ka design outdated hai, bilkul modern look nahi hai.",0
"TV mein streaming services kaafi slow hain, buffering kaafi hota hai.",0
"TV ki overall quality kaafi disappointing hai, budget ke liye bhi accha nahi hai.",0
"Sound clarity kaafi poor hai, high volume par distortion hota hai.",0
"Display kaafi dull lagta hai, colors vibrant nahi dikhayi dete.",0
"Picture sharpness kaafi poor hai, kuch bhi sharp dikhayi nahi deta.",0
"TV mein voice search kaafi slow hai, commands samajhne mein time lagta hai.",0
TV ki brightness control karna kaafi mushkil hota hai.,0
"Remote ka response kaafi slow hai, kabhi kabhi remote ke buttons kaam nahi karte.",0
"TV ka color saturation kaafi low hai, natural look nahi milta.",0
"TV mein lag hota hai, apps load karte waqt freeze ho jaata hai.",0
"TV mein fast-moving scenes clear nahi dikhayi dete, motion blur bohot hota hai.",0
"TV ka interface complex hai, apps search karte waqt dikkatein hoti hain.",0
"Picture quality thik nahi hai, HD content bhi bilkul sharp nahi dikhta.",0
"TV ka installation time kaafi zyada tha, technician time par nahi aaya.",0
"TV ka app store kaafi limited hai, koi bhi new app easily available nahi hota.",0
"Yeh smartwatch bilkul useless hai, battery bohot jaldi drain hoti hai.",0
"Mera heart rate monitor accurate nahi hai, kuch samajh nahi aata.",0
"Iski display bahut dim hai, sunlight mein kuch bhi nahi dikhai deta.",0
"Iske features bohot confusing hain, use karne mein mushkil hoti hai.",0
"Battery backup bahut hi bekar hai, din bhar kaam karne ke baad bhi charge karna padta hai.",0
"Watch ko sync karna bohot tedious hai, baar baar disconnect ho jaata hai.",0
"Yeh watch apne aap restart hoti rehti hai, bohot irritating hai.",0
"Build quality achi nahi hai, thoda gir gaya toh damage ho gaya.",0
"Water resistant ka feature bas naam ka hai, pani mein dalne par damage ho gaya.",0
"Fitness tracking bilkul inaccurate hai, steps count karna galat ho jaata hai.",0
"Call notifications bahut late aati hain, kabhi kabhi miss ho jaati hain.",0
"Watch face options bohot limited hain, kuch bhi change nahi kar sakte.",0
"Yeh smartwatch mein GPS feature bohot bekar hai, tracking kabhi accurate nahi hoti.",0
"Pehna gaya uncomfortable hai, wrist pe irritation hoti hai.",0
"Watch ka design bohot outdated hai, looks cheap lagti hai.",0
"Voice assistant kaafi slow hai, commands samajhne mein dikkat hoti hai.",0
"Charging cable bohot short hai, convenient nahi hai.",0
"Sleep tracking ka feature galat data dikhata hai, sleep cycle track karne mein problem hoti hai.",0
"Fitness modes bohot kam hain, basic level tak hi limited hain.",0
"Call quality bohot poor hai, baat karne mein dikkat hoti hai.",0
"Iska display flicker karta hai, use karte waqt irritating hota hai.",0
"Watch ka performance slow hai, kuch bhi use karte waqt hang ho jaata hai.",0
Battery drain ho jaati hai jab bhi Wi-Fi ya Bluetooth on hota hai.,0
"Display touch response bohot slow hai, baar baar tap karna padta hai.",0
Yeh smartwatch high price ke hisaab se bilkul bhi value for money nahi hai.,0
"Fitness tracker kaafi inaccurate hai, weight loss ko track karna impossible ho jaata hai.",0
"Wrist pe pehna bahut heavy lagta hai, comfortable nahi hai.",0
"Watch faces customizable nahi hain, ek hi look hai.",0
Iska Bluetooth connection frequently disconnect ho jaata hai.,0
"Yeh smartwatch apps bohot limited hai, koi interesting app download nahi kar sakte.",0
"Voice calling feature kaafi low quality hai, sound bohot unclear hota hai.",0
"Heart rate monitor galat readings deta hai, bohot unreliable hai.",0
"Watch mein notifications clear nahi dikhayi deti, small font size hai.",0
"Yeh smartwatch bohot jaldi slow ho jaata hai, few weeks mein hi lag feel hone lagta hai.",0
"Watch ka strap bohot low quality ka hai, jaldi wear and tear hota hai.",0
Fitness tracker notifications baar baar delay hoti hain.,0
"Yeh watch bohot large hai, small wrist walon ke liye uncomfortable hai.",0
"Camera control feature kaafi useless hai, kabhi work nahi karta.",0
"Sleep monitor feature kaafi inaccurate hai, kabhi bhi data galat dikhata hai.",0
"Yeh smartwatch regularly freeze ho jaata hai, restart karna padta hai.",0
"Battery charging time bohot zyada hai, ghanto lag jaate hain.",0
"Yeh watch screen bahut fragile hai, easily crack ho jaati hai.",0
Watch ka performance time ke saath deteriorate ho jaata hai.,0
Yeh smartwatch ek hi brand ke phone ke saath hi properly connect hota hai.,0
"Watch mein apps bohot limited hain, basic functionalities ke alawa kuch nahi hai.",0
"Yeh smartwatch fitness ko track nahi karta, bohot inaccurate hai.",0
"GPS tracking feature kaafi bekar hai, map galat dikhata hai.",0
"Yeh watch ko control karne ke liye app bohot complex hai, samajh nahi aata.",0
"Pehne par heavy lagti hai, daily use ke liye uncomfortable hai.",0
"Yeh smartwatch ka display brightness kaafi kam hai, kabhi bhi clearly dekh nahi sakte.",0
"Yeh watch ka design bilkul bhi stylish nahi hai, outdated lagti hai.",0
Iski health monitoring features bohot inaccurate hain.,0
"Charging port bohot fragile hai, bahut jaldi damage ho jaata hai.",0
"Yeh smartwatch ka vibration feature kaafi weak hai, notifications feel nahi hoti.",0
Watch mein GPS functionality properly work nahi karti.,0
"Yeh smartwatch baar baar reset ho jaati hai, annoying ho jaata hai.",0
Yeh smartwatch waterproof hone ke bawajood thoda pani lagne par damage ho gayi.,0
"Watch ka display khudko adjust nahi kar pata, harsh sunlight mein use karna mushkil hota hai.",0
"Yeh smartwatch se calls receive karna bohot difficult hai, sound quality bohot low hai.",0
"Watch mein update karte waqt hamesha error aata hai, update ka process slow hai.",0
"Fitness tracking features bohot kamzor hai, accurate readings nahi milti.",0
Yeh smartwatch bohot slow ho jaati hai jab bohot saare apps open hote hain.,0
Yeh watch battery issues ke wajah se practically useless ho gayi hai.,0
"Watch ka touch screen kaafi unresponsive hai, baar baar tap karna padta hai.",0
"Yeh smartwatch jab bhi charge hoti hai, overheat ho jaati hai.",0
"Yeh watch bahut heavy hai, wrist pe uncomfortable feel hoti hai.",0
"Yeh watch fitness tracking mein bhi fail hai, steps accurate count nahi hote.",0
"Yeh watch ka display toh blur hota hai, kuch bhi clearly dekh nahi sakte.",0
"Watch ka design toh blur hai, stylish lagta nahi hai.",0
Yeh smartwatch ke sensors kabhi accurate readings nahi dete.,0
"Yeh watch display brightness mein improvement ki zaroorat hai, sunlight mein kuch bhi dikhayi nahi deta.",0
"Yeh smartwatch slow and laggy hai, use karte waqt frustration hoti hai.",0
"Yeh smartwatch ka quality build kaafi low hai, jaldi damage ho jaati hai.",0
Yeh smartwatch fitness tracking features bohot limited hain.,0
Yeh watch ka touch screen response bohot poor hai.,0
Yeh smartwatch daily use ke liye bilkul bhi convenient nahi hai.,0
"Yeh smartwatch mujhe time pe charge nahi hoti, battery issues hain.",0
Yeh smartwatch connectivity issues ke wajah se kaafi frustrating ho jaati hai.,0
"Yeh watch kabhi bhi data sync nahi karti, bohot baar try karne par bhi error milta hai.",0
Yeh smartwatch mein heart rate monitor galat data dikhata hai.,0
"Yeh smartwatch ka style bohot boring hai, kisi bhi occasion ke liye appropriate nahi lagti.",0
"Battery backup bilkul bekaar hai, pura din nahi chalti.",0
"Phone baar-baar hang hota hai, kaam karna mushkil hai.",0
"Camera quality ekdum ghatiya hai, photos bilkul blurry aati hain.",0
"Price ke hisaab se features nahi hain, paisa waste lagta hai.",0
Speaker ki sound quality bohot low hai.,0
"Network connectivity issue aata hai, calls disconnect ho jaati hain.",0
"Charging speed bahut slow hai, pura din lag jata hai charge hone me.",0
Display ka resolution bohot hi poor hai.,0
"Build quality cheap plastic ki lagti hai, bilkul durable nahi.",0
"Software updates nahi milte, phone outdated lagta hai.",0
Heating issue ke wajah se phone use karna mushkil ho gaya hai.,0
"Screen bahut jaldi scratch ho jaati hai, quality nahi hai.",0
"Touch response slow hai, bilkul smooth nahi lagta.",0
"Earphone jack kaam nahi karta properly, sound distort hoti hai.",0
"Fingerprint sensor accurate nahi hai, baar-baar error show karta hai.",0
Storage kam hai aur expand karne ka option bhi nahi diya.,0
"Auto-restart hone lagta hai, data loss ho jata hai.",0
"Design basic lagta hai, premium feel bilkul nahi deta.",0
"Gaming performance pathetic hai, frame drops hote hain.",0
"Customer service experience bohot bura tha, koi help nahi mili.",0
"Phone ki body bohot fragile hai, thoda sa girne par toot gaya.",0
Battery health ek mahine mein hi kharab ho gayi.,0
Dual SIM ka feature properly kaam nahi karta.,0
"Display mein light bleed hai, viewing experience kharab karta hai.",0
"Pre-installed apps zyada hain, storage waste ho gaya.",0
"WiFi connectivity issue rehta hai, baar-baar disconnect hota hai.",0
Call quality itni poor hai ki saamne wale ki awaaz nahi sunai deti.,0
"Camera mein night mode kaam ka nahi hai, bilkul dark photos aati hain.",0
Build quality itni poor hai ki ek mahine mein scratches aa gaye.,0
"Software crashes hote rehte hain, kaam nahi kar pata properly.",0
"Phone ka weight zyada hai, carry karna mushkil lagta hai.",0
Brightness itni low hai ki sunlight mein kuch dikhai nahi deta.,0
Auto-brightness feature properly kaam nahi karta.,0
"Navigation laggy hai, maps use karne mein dikkat hoti hai.",0
"Bluetooth kaam nahi karta, baar-baar disconnect hota hai.",0
"SAR value zyada hai, health ke liye dangerous lagta hai.",0
"Fast charging ka claim fake hai, normal speed par charge hota hai.",0
Camera ke colors bilkul natural nahi lagte.,0
Phone ka back panel heat hone lagta hai use karte waqt.,0
"Warranty claim karna ek nightmare hai, koi response nahi deta.",0
"Speakers bohot halki sound dete hain, videos enjoy nahi kar sakte.",0
"Proximity sensor kaam nahi karta, calls disconnect ho jaati hain.",0
"RAM management bekaar hai, apps background mein band ho jaati hain.",0
"Battery indicator accurate nahi hai, misleading numbers show karta hai.",0
Face unlock feature properly kaam nahi karta.,0
"Build cheap plastic ki lagti hai, premium feel nahi aata.",0
Display ke colors bohot dull lagte hain.,0
"Camera ka portrait mode bekaar hai, edges blur kar deta hai.",0
"Waterproof claim fake hai, thoda paani girte hi phone damage ho gaya.",0
"Microphone ki quality poor hai, voice properly record nahi hoti.",0
"Vibration motor bohot noisy hai, irritation hota hai.",0
Phone use karte waqt ads pop up hote rehte hain.,0
"5G ka support nahi hai, future proof phone nahi hai.",0
"SAR value bohot high hai, health ke liye safe nahi lagta.",0
"UI bohot complicated hai, new users ke liye friendly nahi.",0
Rear camera ke shots overexposed lagte hain.,0
Phone ka gyroscope properly kaam nahi karta.,0
Touchscreen kabhi-kabhi respond hi nahi karti.,0
Charging cable ek mahine mein hi kharab ho gayi.,0
Phone ki ek saal mein performance degrade hone lagi hai.,0
"Phone ka body slippery hai, easily gir jata hai.",0
Pre-installed apps uninstall nahi hoti hain.,0
Proximity sensor properly kaam nahi karta.,0
Battery usage ka analysis accurate nahi hai.,0
Camera lens ke andar dust particles aa gaye.,0
"Phone ka OS stable nahi hai, har waqt updates ki zarurat lagti hai.",0
Power button properly kaam nahi karta.,0
"Phone ki vibration bohot zyada hai, irritating lagti hai.",0
Screen protector lagane ke baad touch response kharab ho gaya.,0
Phone ka display bohot reflective hai.,0
"MicroSD card ka support nahi hai, storage manage karna mushkil hai.",0
Battery low hone par phone performance aur slow ho jata hai.,0
"Network signal weak hai, calls properly nahi lagti.",0
UI bohot outdated lagta hai.,0
Bloatware ke wajah se phone laggy lagta hai.,0
Headphone jack ke sound output me distortion hota hai.,0
"Face unlock slow hai, aur kabhi-kabhi kaam nahi karta.",0
Camera ke night mode ka output bekaar hai.,0
Fingerprint scanner bohot slow hai.,0
Speaker ki sound quality bilkul flat lagti hai.,0
Charging port proper fit nahi hota.,0
Performance heavy apps ke liye suitable nahi hai.,0
"GPS ka accuracy poor hai, navigation mein dikkat hoti hai.",0
"RAM optimization proper nahi hai, multitasking slow lagti hai.",0
Camera zoom karne par images blurry ho jaati hain.,0
Phone ke colors jaldi fade hone lagte hain.,0
Power saving mode kaam ka nahi hai.,0
Screen ke bezels bohot mote lagte hain.,0
Connectivity issues ke wajah se WiFi disconnect hota rehta hai.,0
Screen lock kabhi-kabhi automatically disable ho jata hai.,0
"Build quality cheap lagti hai, phone easily toot jata hai.",0
Charging ka port lose ho gaya within a month.,0
Battery usage analysis properly kaam nahi karta.,0
Notification lights ka color customize nahi kar sakte.,0
Heavy apps ke liye phone suitable nahi lagta.,0
"Camera me colors ka saturation zyada hai, natural nahi lagte.",0
Selfie camera photos overexposed lagti hain.,0
Heating issue bohot common hai.,0
Phone use karte waqt baar-baar lag hota hai.,0
Customer care ka response pathetic tha.,0
Is brand ke kapde bohot stylish aur comfortable hain.,2
Fabric itna soft hai ki pehan ke din ban jaata hai.,2
"Designs unique aur modern hain, sabko pasand aaye.",2
"Kapdon ki quality premium hai, bohot achha lagta hai.",2
Yeh brand hamesha trend ke sath hota hai.,2
"Fitting perfect hai, jaise mere liye custom-made ho.",2
"Colors vibrant hain, aur wash ke baad bhi fade nahi hote.",2
Kapdon ka collection hamesha classy aur fashionable hota hai.,2
Yeh brand price ke hisaab se total value for money hai.,2
Delivery bohot fast thi aur packaging bhi premium thi.,2
Kapde har occasion ke liye perfect hote hain.,2
"Main is brand ka loyal customer hoon, hamesha satisfied.",2
"Fabric lightweight hai, aur summers ke liye best hai.",2
Is brand ke kapde pehen ke compliments barish ki tarah milte hain.,2
"Kapdon ki stitching flawless hai, bilkul durable hain.",2
Style aur comfort ka perfect combination hai.,2
Customer service bohot helpful aur polite hai.,2
Kapdon ke prints unique aur eye-catching hain.,2
Har age group ke liye stylish options available hain.,2
Kapde comfortable hone ke sath-sath trendy bhi hain.,2
Yeh brand hamesha meri expectations se zyada deliver karta hai.,2
Sales aur discounts bohot ache hote hain.,2
Kapde affordable hone ke bawajood high-quality hain.,2
Festive collection itna sundar hai ki bas dil aa gaya.,2
Har season ke liye kapde available hote hain.,2
"Kapdon ki fitting aur look, dono perfect hain.",2
"Fabric skin-friendly hai, koi irritation nahi hoti.",2
Is brand ke kapde classy aur evergreen hain.,2
Mujhe inka casual wear bohot pasand hai.,2
Kapdon ke colors bilkul vibrant aur trendy hain.,2
Winter collection warm aur stylish hai.,2
Kapde bohot lightweight aur easy to carry hain.,2
Yeh brand naye designs mein hamesha top-notch rehta hai.,2
"Kapde wear and tear proof hain, bohot durable hain.",2
Kapdon ka packaging aur presentation bohot impressive tha.,2
Summer collection mein cool aur breathable fabrics hain.,2
"Kapdon ka fitting perfect hai, alterations ki zarurat nahi padti.",2
Customer reviews padke liya aur bilkul sahi decision tha.,2
Yeh brand apni promises hamesha fulfill karta hai.,2
Formal collection classy aur impressive hai.,2
Kapdon ka stitching detail bohot fine hai.,2
Yeh brand ke kapde sabse comfortable hain jo maine try kiye hain.,2
Mujhe inka loungewear collection pehen ke kaafi relaxed feel hota hai.,2
Is brand ke kapde sabki nazar khinch lete hain.,2
Kapdon ke patterns bohot creative aur fresh hain.,2
Fabric bilkul premium feel deta hai.,2
Is brand ka har product value for money hai.,2
Yeh brand har baar naye aur better products deliver karta hai.,2
Inka jeans collection sabse comfortable aur stylish hai.,2
Kapdon ke prints bohot unique aur attractive hain.,2
Customer care service kaafi cooperative aur professional hai.,2
Mujhe is brand ka collection sabse zyada versatile lagta hai.,2
Kapde pehen kar ekdum stylish aur confident feel hota hai.,2
Festive season mein yeh brand hamesha mere budget mein hota hai.,2
Kapdon ke designs aur patterns bohot innovative hain.,2
Is brand ke kapde har age ke log pehen sakte hain.,2
Kapde trend ke hisaab se hamesha ek kadam aage hote hain.,2
Yeh brand har season ke liye new and fresh collections launch karta hai.,2
Kapde bilkul premium quality aur affordable price mein available hain.,2
Yeh brand ka ethnic wear sabse zyada pasand aaya.,2
Kapde har function ke liye best options offer karte hain.,2
Yeh brand ka casual wear bilkul cool lagta hai.,2
Kapdon ke options bohot wide aur stylish hain.,2
Fabric skin-friendly aur bilkul lightweight hai.,2
Kapdon ka fit aur look dono 10/10 hain.,2
Yeh brand ke kapde meri first choice hamesha hote hain.,2
Kapdon ka comfort level unmatched hai.,2
Mujhe is brand ka jeans aur tops collection sabse zyada pasand aaya.,2
Delivery fast thi aur kapdon ka packaging elegant tha.,2
Kapdon ke prints wash ke baad bhi vibrant lagte hain.,2
Kapdon ka material high-quality aur durable hai.,2
Kapde stylish hone ke sath practical bhi hain.,2
Kapdon ka color bilkul unique aur attractive lagta hai.,2
Mujhe is brand ka saree collection bohot elegant laga.,2
Kapde office wear ke liye bilkul perfect hain.,2
Kapdon ke cuts aur designs kaafi flattering hain.,2
Fabric stretchable aur bilkul comfortable hai.,2
Mujhe inka workout collection sabse zyada pasand aaya.,2
Kapde hamesha fresh aur new trends ke sath aate hain.,2
Is brand ke kapde festivals mein pehen ke best lagte hain.,2
Kapdon ka material aur design dono top-notch hain.,2
Kapdon ki quality itni achhi hai ki bar-bar kharidne ka mann karta hai.,2
Kapdon ka fitting perfect aur sabse zyada flattering hai.,2
Is brand ke kapde fashion ke sath comfort ko balance karte hain.,2
Yeh brand budget-friendly hone ke bawajood premium quality deta hai.,2
"Kapde practical aur stylish dono hain, bohot pasand aaye.",2
Is brand ka jeans aur tops collection mere liye best hai.,2
Kapdon ka style aur color options kaafi diverse hain.,2
Yeh brand ka casual aur formal wear collection bohot acha hai.,2
"Yeh smartwatch bilkul useless hai, battery bohot jaldi drain hoti hai.",0
"Mera heart rate monitor accurate nahi hai, kuch samajh nahi aata.",0
"Iski display bahut dim hai, sunlight mein kuch bhi nahi dikhai deta.",0
"Iske features bohot confusing hain, use karne mein mushkil hoti hai.",0
"Battery backup bahut hi bekar hai, din bhar kaam karne ke baad bhi charge karna padta hai.",0
"Watch ko sync karna bohot tedious hai, baar baar disconnect ho jaata hai.",0
"Yeh watch apne aap restart hoti rehti hai, bohot irritating hai.",0
"Build quality achi nahi hai, thoda gir gaya toh damage ho gaya.",0
"Water resistant ka feature bas naam ka hai, pani mein dalne par damage ho gaya.",0
"Fitness tracking bilkul inaccurate hai, steps count karna galat ho jaata hai.",0
"Call notifications bahut late aati hain, kabhi kabhi miss ho jaati hain.",0
"Watch face options bohot limited hain, kuch bhi change nahi kar sakte.",0
"Yeh smartwatch mein GPS feature bohot bekar hai, tracking kabhi accurate nahi hoti.",0
"Pehna gaya uncomfortable hai, wrist pe irritation hoti hai.",0
"Watch ka design bohot outdated hai, looks cheap lagti hai.",0
"Voice assistant kaafi slow hai, commands samajhne mein dikkat hoti hai.",0
"Charging cable bohot short hai, convenient nahi hai.",0
"Sleep tracking ka feature galat data dikhata hai, sleep cycle track karne mein problem hoti hai.",0
"Fitness modes bohot kam hain, basic level tak hi limited hain.",0
"Call quality bohot poor hai, baat karne mein dikkat hoti hai.",0
"Iska display flicker karta hai, use karte waqt irritating hota hai.",0
"Watch ka performance slow hai, kuch bhi use karte waqt hang ho jaata hai.",0
Battery drain ho jaati hai jab bhi Wi-Fi ya Bluetooth on hota hai.,0
"Display touch response bohot slow hai, baar baar tap karna padta hai.",0
Yeh smartwatch high price ke hisaab se bilkul bhi value for money nahi hai.,0
"Fitness tracker kaafi inaccurate hai, weight loss ko track karna impossible ho jaata hai.",0
"Wrist pe pehna bahut heavy lagta hai, comfortable nahi hai.",0
"Watch faces customizable nahi hain, ek hi look hai.",0
Iska Bluetooth connection frequently disconnect ho jaata hai.,0
"Yeh smartwatch apps bohot limited hai, koi interesting app download nahi kar sakte.",0
"Voice calling feature kaafi low quality hai, sound bohot unclear hota hai.",0
"Heart rate monitor galat readings deta hai, bohot unreliable hai.",0
"Watch mein notifications clear nahi dikhayi deti, small font size hai.",0
"Yeh smartwatch bohot jaldi slow ho jaata hai, few weeks mein hi lag feel hone lagta hai.",0
"Watch ka strap bohot low quality ka hai, jaldi wear and tear hota hai.",0
Fitness tracker notifications baar baar delay hoti hain.,0
"Yeh watch bohot large hai, small wrist walon ke liye uncomfortable hai.",0
"Camera control feature kaafi useless hai, kabhi work nahi karta.",0
"Sleep monitor feature kaafi inaccurate hai, kabhi bhi data galat dikhata hai.",0
"Yeh smartwatch regularly freeze ho jaata hai, restart karna padta hai.",0
"Battery charging time bohot zyada hai, ghanto lag jaate hain.",0
"Yeh watch screen bahut fragile hai, easily crack ho jaati hai.",0
Watch ka performance time ke saath deteriorate ho jaata hai.,0
Yeh smartwatch ek hi brand ke phone ke saath hi properly connect hota hai.,0
"Watch mein apps bohot limited hain, basic functionalities ke alawa kuch nahi hai.",0
"Yeh smartwatch fitness ko track nahi karta, bohot inaccurate hai.",0
"GPS tracking feature kaafi bekar hai, map galat dikhata hai.",0
"Yeh watch ko control karne ke liye app bohot complex hai, samajh nahi aata.",0
"Pehne par heavy lagti hai, daily use ke liye uncomfortable hai.",0
"Yeh smartwatch ka display brightness kaafi kam hai, kabhi bhi clearly dekh nahi sakte.",0
"Yeh watch ka design bilkul bhi stylish nahi hai, outdated lagti hai.",0
Iski health monitoring features bohot inaccurate hain.,0
"Charging port bohot fragile hai, bahut jaldi damage ho jaata hai.",0
"Yeh smartwatch ka vibration feature kaafi weak hai, notifications feel nahi hoti.",0
Watch mein GPS functionality properly work nahi karti.,0
"Yeh smartwatch baar baar reset ho jaati hai, annoying ho jaata hai.",0
Yeh smartwatch waterproof hone ke bawajood thoda pani lagne par damage ho gayi.,0
"Watch ka display khudko adjust nahi kar pata, harsh sunlight mein use karna mushkil hota hai.",0
"Yeh smartwatch se calls receive karna bohot difficult hai, sound quality bohot low hai.",0
"Watch mein update karte waqt hamesha error aata hai, update ka process slow hai.",0
"Fitness tracking features bohot kamzor hai, accurate readings nahi milti.",0
Yeh smartwatch bohot slow ho jaati hai jab bohot saare apps open hote hain.,0
Yeh watch battery issues ke wajah se practically useless ho gayi hai.,0
"Watch ka touch screen kaafi unresponsive hai, baar baar tap karna padta hai.",0
"Yeh smartwatch jab bhi charge hoti hai, overheat ho jaati hai.",0
"Yeh watch bahut heavy hai, wrist pe uncomfortable feel hoti hai.",0
"Yeh watch fitness tracking mein bhi fail hai, steps accurate count nahi hote.",0
"Yeh watch ka display toh blur hota hai, kuch bhi clearly dekh nahi sakte.",0
"Watch ka design toh blur hai, stylish lagta nahi hai.",0
Yeh smartwatch ke sensors kabhi accurate readings nahi dete.,0
"Yeh watch display brightness mein improvement ki zaroorat hai, sunlight mein kuch bhi dikhayi nahi deta.",0
"Yeh smartwatch slow and laggy hai, use karte waqt frustration hoti hai.",0
"Yeh smartwatch ka quality build kaafi low hai, jaldi damage ho jaati hai.",0
Yeh smartwatch fitness tracking features bohot limited hain.,0
Yeh watch ka touch screen response bohot poor hai.,0
Yeh smartwatch daily use ke liye bilkul bhi convenient nahi hai.,0
"Yeh smartwatch mujhe time pe charge nahi hoti, battery issues hain.",0
Yeh smartwatch connectivity issues ke wajah se kaafi frustrating ho jaati hai.,0
"Yeh watch kabhi bhi data sync nahi karti, bohot baar try karne par bhi error milta hai.",0
Yeh smartwatch mein heart rate monitor galat data dikhata hai.,0
"Yeh smartwatch ka style bohot boring hai, kisi bhi occasion ke liye appropriate nahi lagti.",0
Yeh car bahut smooth aur comfortable hai!,2
"Mileage zabardast hai, pocket-friendly bhi hai.",2
"Looks mein top-notch, performance bhi best hai.",2
Long drives ke liye perfect car hai.,2
Engine powerful aur fuel-efficient hai.,2
Interior classy aur spacious hai.,2
Drive karte waqt luxury ka feel aata hai.,2
"Suspension itna smooth, gaddhe feel hi nahi hote.",2
Yeh car family ke liye perfect hai.,2
Road grip aur handling dono superb hain.,2
AC performance bahut acha hai.,2
Iska music system high quality hai.,2
Low maintenance aur high performance.,2
Safety features next level hain.,2
City driving ke liye ekdum best option.,2
Iska design futuristic lagta hai.,2
Resale value bhi achhi milti hai.,2
Raat mein iska headlight system kamaal ka hai.,2
Automatic variant driving ka mazza badha deta hai.,2
Pehli ride se hi iska feel premium hai.,2
Gear shifting smooth aur effortless hai.,2
"Iska ground clearance high hai, roads pe perfect hai.",2
Seats ka comfort unmatched hai.,2
Engine ki pickup ekdum zabardast hai.,2
Fuel consumption kaafi kam hai.,2
Road trips ke liye ek must-have car hai.,2
Build quality kaafi solid aur reliable hai.,2
Steering control bahut precise hai.,2
Bluetooth connectivity quick aur reliable hai.,2
Car ki speed aur balance ekdam perfect hai.,2
Eco mode fuel save karne mein madad karta hai.,2
Boot space kaafi large aur convenient hai.,2
Iske tyre ka grip bahut reliable hai.,2
On-road presence kaafi stylish hai.,2
Petrol aur diesel dono mein efficiency zabardast hai.,2
Top speed bahut smooth aur stable hai.,2
Noise cancellation andar kaafi acchi hai.,2
Drive karte waqt ekdum safe feel hota hai.,2
Smart features aur technology se loaded hai.,2
Daily commute ke liye bhi ekdam ideal car hai.,2
Iska AC fast cooling karta hai.,2
Ek compact aur feature-rich car hai.,2
Dashboard ka design kaafi modern hai.,2
Premium feel ke saath budget-friendly option hai.,2
Tyre quality bahut durable aur reliable hai.,2
Eco-friendly features bhi diye gaye hain.,2
Steering par controls kaafi convenient hain.,2
Luxury aur affordability ka perfect combo hai.,2
Engine sound kaafi refined hai.,2
In-city aur highway driving dono ke liye perfect.,2
Braking system ekdum responsive hai.,2
Drive karne mein mazza aa jata hai.,2
Seats foldable aur kaafi flexible hain.,2
Long term use ke liye reliable option hai.,2
Power steering bahut effortless lagta hai.,2
Smartphone integration seamless hai.,2
USB aur aux features easily accessible hain.,2
Hill driving ke liye kaafi safe aur powerful hai.,2
Family aur friends sab impressed ho gaye car se.,2
Color options kaafi attractive hain.,2
Horn ka sound bilkul balanced hai.,2
Battery backup aur charging speed kaafi achhi hai.,2
Automatic wipers aur sensors kaafi useful hain.,2
Sunroof ke saath ek luxury feel milti hai.,2
Pehle hi test drive mein purchase ka decision le liya.,2
Build aur design dono hi impressive hain.,2
Compact hai lekin andar se spacious feel hoti hai.,2
Seats ka lumbar support kaafi acha hai.,2
Reverse camera aur sensors kaafi accurate hain.,2
Bluetooth calling features ekdum hassle-free hain.,2
Highways pe iska mileage aur smoothness unbeatable hai.,2
Service aur maintenance kaafi affordable hai.,2
Eco mode driving ke liye perfect hai.,2
Headlight throw kaafi sharp aur clear hai.,2
Drive modes kaafi practical aur useful hain.,2
Customer service bhi bahut acha hai.,2
Sound system premium quality ka hai.,2
Potholes ka impact andar feel nahi hota.,2
Road trips ka experience unforgettable ban gaya.,2
Iska resale market kaafi strong hai.,2
Auto parking feature kaafi convenient hai.,2
Driver seat adjustment kaafi easy aur quick hai.,2
Wireless charging ka feature kaafi helpful hai.,2
High torque aur power delivery ekdam smooth hai.,2
Top model ekdum value-for-money hai.,2
Navigation aur maps integration accurate hai.,2
Peechhe baithne walon ke liye bhi kaafi leg space hai.,2
Headroom aur shoulder space bhi perfect hai.,2
Color finish kaafi premium aur durable lagti hai.,2
Luxury cars se compare karein toh yeh affordable hai.,2
Window controls aur locking system kaafi advanced hai.,2
Driving assist features kaafi advanced hain.,2
Tire pressure monitoring feature helpful hai.,2
In-built infotainment system kaafi smooth hai.,2
Remote start aur lock features convenient hain.,2
Android Auto aur Apple CarPlay seamless hai.,2
City traffic me bhi kaafi zyada efficient hai.,2
Affordable EMI options ke saath perfect purchase hai.,2
Car mein ek alag level ka swag feel hota hai.,2
"Comfort, power aur style ka perfect combination hai.",2
"TV ki picture quality kaafi acchi hai, colors vibrant lagte hain.",2
"Sound quality bhi bahut achi hai, bass bhi kaafi powerful hai.",2
"Display ka resolution superb hai, bilkul clear dikhayi deta hai.",2
"TV ka design kaafi modern hai, living room mein perfect fit ho jaata hai.",2
"Smart TV features kaafi useful hain, apps easily accessible hain.",2
"Remote ka design comfortable hai, buttons kaafi responsive hain.",2
"Picture clarity thik hai, motion blur nahi dikhayi deta.",2
"LED TV hai, toh energy efficient hai aur display bhi bright hai.",2
"TV ka installation process kaafi simple tha, technician bhi time pe aa gaya.",2
"Sound output kaafi loud hai, movie night ke liye perfect hai.",2
"Connectivity options kaafi achhi hain, HDMI aur USB easily connect ho jaate hain.",2
"TV ka viewing angle kaafi wide hai, kahin se bhi achha dikhayi deta hai.",2
"TV ka frame thin hai, space-saving aur elegant look hai.",2
"Android TV hone ki wajah se streaming apps jaise Netflix, YouTube, etc. easily chal jaate hain.",2
"Screen size perfect hai, na zyada bada hai, na chhota.",2
"TV ka response time quick hai, channel switch karna smooth hai.",2
"Picture settings kaafi customizable hain, apne hisaab se adjust kar sakte hain.",2
"TV ka remote control kaafi sleek hai, kisi bhi setting ko change karna asaan hai.",2
"TV ka brightness kaafi acchi hai, din mein bhi dekhne mein koi problem nahi hoti.",2
"TV ka overall performance kaafi smooth hai, koi lag nahi hota.",2
"TV mein voice search feature bhi hai, jo kaafi convenient hai.",2
"TV mein different picture modes hain, jo different types of content ke liye useful hain.",2
"TV ka sound bar kaafi clear hai, movie ka experience kaafi immersive hota hai.",2
"HDMI ports kaafi hai, jo multiple devices connect karne mein madad karte hain.",2
"TV ka interface kaafi user-friendly hai, navigation easily ho jaata hai.",2
"Picture quality kaafi sharp hai, HD content kaafi achha dikhayi deta hai.",2
"TV mein smart features bhi hain, jo kabhi bhi update ho jaate hain.",2
"TV ka refresh rate kaafi high hai, fast-moving scenes kaafi smooth dikhayi dete hain.",2
TV ka overall build quality kaafi premium hai.,2
"TV ka installation kit bhi included tha, jo kaafi helpful tha.",2
"App store kaafi large hai, aur aap easily apps install kar sakte hain.",2
Sound quality ke liye TV ke andar built-in speakers kaafi achhe hain.,2
"TV ka interface kaafi simple aur clean hai, apps ka access bahut asaan hai.",2
"TV ki performance over time bhi consistent hai, koi bhi slow-down ya lag ka issue nahi hota.",2
"Picture mode settings kaafi flexible hain, jisse aap apni needs ke hisaab se adjust kar sakte hain.",2
"TV ka contrast ratio kaafi accha hai, dark scenes mein detail clearly dikhayi deti hai.",2
"TV mein multiple streaming services ka support hai, sab kuch easily accessible hai.",2
"TV ka build quality kaafi solid hai, bahut sturdy feel hota hai.",2
"Voice assistant kaafi responsive hai, aap easily TV ko voice commands se control kar sakte hain.",2
"TV ka color accuracy kaafi acchi hai, realistic colors dikhayi dete hain.",2
"Sound output bahut accha hai, clear aur crisp sound aati hai.",2
"TV ka app store kaafi large hai, aur har type ki app mil jaati hai.",2
"Remote kaafi light hai aur ergonomic design hai, use karna easy hai.",2
"TV ka picture contrast accha hai, aur sharpness bhi perfect hai.",2
"TV mein sleep timer aur other useful features hain, jo kaafi convenient hain.",2
"TV mein built-in Wi-Fi hai, jo internet streaming ko smooth banata hai.",2
"TV ka brightness level kaafi accha hai, sunny room mein bhi dekhna asaan hai.",2
"TV mein voice modulation ka option hai, jo sound ko adjust karne mein madad karta hai.",2
"TV ka layout kaafi clean hai, minimal design se living room ko enhance karta hai.",2
"TV mein PIP (Picture in Picture) feature hai, jisse aap ek time par do channels dekh sakte hain.",2
"TV ka touch remote kaafi accha hai, kaafi responsive hai.",2
"TV mein built-in Google Assistant hai, jo voice commands ko accurately samajhta hai.",2
TV ka picture quality outdoor lighting mein bhi kaafi accha hai.,2
"TV ka design sleek hai, kisi bhi modern room ke dcor mein fit ho jaata hai.",2
"TV ka motion smoothing feature kaafi accha hai, action scenes mein koi blur nahi hota.",2
"TV ki size perfect hai, na bohot badi hai, na chhoti, bilkul ideal hai.",2
"Sound clarity kaafi achi hai, no distortion even at high volumes.",2
"TV ka touch functionality kaafi acchi hai, remote ke bina bhi use karna easy hai.",2
"TV ka app support bahut wide hai, saare popular streaming apps available hain.",2
TV mein direct sunlight mein bhi achha viewing experience milta hai.,2
"TV ka build quality premium hai, high-end materials use kiye gaye hain.",2
"Screen size thik hai, aur clarity bhi achi hai, movies ka maza aata hai.",2
"TV ka user interface kaafi intuitive hai, sab kuch easily access ho jata hai.",2
"TV ki viewing angle kaafi acchi hai, har position se clear dikhayi deta hai.",2
"Remote mein direct buttons hain, jo use karna kaafi easy bana dete hain.",2
"TV ka overall performance day by day consistent hai, no slowdowns.",2
"Smart features kaafi responsive hain, Netflix aur YouTube ka access asaan hai.",2
"TV mein sound system kaafi achha hai, movie ka experience improve ho jata hai.",2
"TV mein connectivity kaafi acchi hai, HDMI aur USB ports easily accessible hain.",2
"TV ka design minimalistic hai, jo modern homes ke liye perfect hai.",2
"TV mein voice recognition kaafi accurate hai, aapke commands ko samajhta hai.",2
"TV mein smart screen feature hai, jo aapko apps quickly access karne mein madad karta hai.",2
"Picture settings kaafi adjust kar sakte hain, ek dum customized experience.",2
"TV mein HDR support hai, jo colors aur contrast ko next level tak le jaata hai.",2
"TV mein soundbar integrated hai, jo sound output ko boost kar deta hai.",2
"Picture quality HDR content ke liye next-level hai, kaafi vibrant aur sharp.",2
"TV mein smart features kaafi improve ho gaye hain, aur better performance milti hai.",2
"TV ka app installation process kaafi smooth hai, koi bhi app easily download ho jaata hai.",2
"TV ka size aur design perfect hai, living room ko modern look deta hai.",2
"TV ka sound system thik hai, high-quality audio output deta hai.",2
"Display clarity kaafi achi hai, high-definition content perfectly dikhayi deta hai.",2
"Picture sharpness kaafi acchi hai, lagta hai bilkul real-life jaisa.",2
"TV ka frame design kaafi stylish hai, modern living rooms mein perfect fit ho jaata hai.",2
"TV ka picture mode kaafi customizable hai, aapke mood ke hisaab se.",2
"TV ka operating system kaafi fast hai, apps ko quickly access kar paate hain.",2
"Yeh smartwatch bohot acchi hai, saare features bahut useful hain!",2
"Battery life zabardast hai, ek baar charge karne par 3 din chalti hai.",2
"Fitness tracking bohot accurate hai, har step track hota hai.",2
"Style aur design bohot stylish hai, har occasion ke liye perfect hai.",2
"Heart rate monitor super accurate hai, gym mein kaafi helpful hota hai.",2
"Iski display bahut bright hai, direct sunlight mein bhi clearly dekh sakte ho.",2
"Phone se easily connect ho jaata hai, notifications wrist pe hi aa jaate hain.",2
"Pehna hua comfortable hai, daily use ke liye perfect hai.",2
"Waterproof hai, swimming ke time bhi wear kar sakte ho.",2
"Sleep tracker feature bohot accha hai, meri sleep improve ho gayi.",2
"Bohot convenient hai, ab calls aur messages wrist pe hi dekh sakte ho.",2
Fitness goals track karne ke liye perfect device hai.,2
"Watch faces customize kar sakte ho, har din ek naya look milta hai.",2
Iske features aur design ke liye price value for money hai.,2
"Bohot responsive hai, lag ya delay ka koi issue nahi hai.",2
"Size perfectly fit hota hai, wrist pe bohot comfortable rehta hai.",2
Fitness tracker se apne goals easily monitor kar sakte ho.,2
"Iski design bohot modern aur stylish hai, koi bhi pehne to achha lagta hai.",2
"Battery life bohot acchi hai, full day use ke baad bhi charge zaroori nahi hota.",2
"Smartwatch se sab kuch control kar sakte ho, phone ki zaroorat nahi padti.",2
"Iska call answering feature bohot useful hai, kabhi bhi phone ke bina baat kar sakte ho.",2
"Mujhe yeh smartwatch bahut pasand aayi, features sab kuch perfect hain.",2
Fitness aur health ke liye perfect gadget hai.,2
"Har din naye features explore karte hain, bahut fun hai!",2
"Stylish, functional, aur affordable  perfect combination.",2
"Mujhe iski health monitoring features bohot achi lagi, accurate data milta hai.",2
"Sleep monitoring feature bohot useful hai, meri sleeping habits improve ho gayi hai.",2
"Iska user interface bohot easy hai, koi bhi easily use kar sakta hai.",2
"Call aur message notifications wrist pe mil jaati hain, convenient hai.",2
"Iska step counter feature bohot accha hai, accurate steps count karta hai.",2
"Mujhe yeh smartwatch ki battery life bohot pasand aayi, ek din bhi charge karne ki zaroorat nahi padti.",2
Ye smartwatch daily activities track karne ke liye perfect hai.,2
"Fitness tracking ke liye kaafi accurate hai, mujhe kabhi issue nahi aaya.",2
"Iska sleep monitor feature kaafi accurate hai, meri sleep cycle better ho gayi.",2
"Best smartwatch in this price range, features are top-notch.",2
"Bohot sleek design hai, wrist pe comfortable rehti hai.",2
"Notifications clear aur timely aati hain, phone ke bina bhi sab kuch check kar sakte ho.",2
"Iska display bohot bright aur sharp hai, outdoor mein bhi clearly visible hota hai.",2
"Health monitoring ke liye perfect device hai, sab kuch accurately track karta hai.",2
Mujhe iske customizable watch faces bohot ache lagte hain.,2
"GPS functionality bohot reliable hai, tracking karna kaafi easy ho gaya hai.",2
"Fitness features kaafi useful hain, daily exercise aur activity track karne mein madad milti hai.",2
"Mujhe iski build quality bohot achi lagi, sturdy aur durable hai.",2
Mujhe iske fitness alerts aur notifications bohot helpful lagte hain.,2
"Wrist pe pehene ke baad bohot comfortable lagti hai, lightweight hai.",2
"Fitness enthusiasts ke liye best smartwatch hai, har ek feature milta hai.",2
"Stylish aur functional, dono qualities hain ismein.",2
"Battery backup bohot accha hai, aaj kal har din use kar ke bhi charge nahi karna padta.",2
"Mujhe iske sleep tracker feature se kaafi help mili hai, ab meri sleep cycle better ho gayi.",2
Iska call answering aur notification system kaafi convenient hai.,2
Workout ke dauraan iski heart rate monitoring accurate hai.,2
"Pehne mein comfortable lagti hai, koi irritation nahi hoti.",2
"Smartwatch kaafi sleek aur modern design mein aata hai, wrist pe kaafi stylish lagta hai.",2
Har din ka health data track karne mein madad milti hai.,2
Iski weather update feature bhi kaafi useful hai.,2
Battery life aur features dono bohot acchi hai.,2
Iski functionality ke liye price worth it hai.,2
GPS tracking feature se running karna bohot easy ho gaya.,2
"Bohot fast charging hai, jaldi charge ho jaati hai.",2
"Pehne ke baad kabhi bhi feel nahi hota, lightweight hai.",2
"Iska workout monitoring feature bohot useful hai, har cheez track hoti hai.",2
Call aur messages ko wrist pe check karne mein kaafi asaani hoti hai.,2
Mujhe yeh smartwatch ka design aur performance dono bohot acchi lagi.,2
"Bohot durable aur reliable smartwatch hai, daily use ke liye perfect.",2
Iska user interface simple aur easy to navigate hai.,2
Fitness goals ko track karna aur achieve karna isse bohot easy ho gaya.,2
Mujhe yeh smartwatch health monitoring aur daily use ke liye perfect lagti hai.,2
Waterproof feature ke wajah se swimming ke time bhi use kar sakte ho.,2
"Iske features kaafi helpful hain, fitness aur health ke liye.",2
Iske design aur functionality dono mein balance hai.,2
Fitness tracking ke liye sabse best smartwatch hai.,2
"Mujhe yeh smartwatch ka battery backup bohot accha laga, kaafi time tak chalti hai.",2
"Iski overall performance bohot acchi hai, price ke hisaab se value for money.",2
"Yeh smartwatch bohot acchi hai, saare features bahut useful hain!",2
"Battery life zabardast hai, ek baar charge karne par 3 din chalti hai.",2
"Fitness tracking bohot accurate hai, har step track hota hai.",2
"Style aur design bohot stylish hai, har occasion ke liye perfect hai.",2
"Heart rate monitor super accurate hai, gym mein kaafi helpful hota hai.",2
"Iski display bahut bright hai, direct sunlight mein bhi clearly dekh sakte ho.",2
"Phone se easily connect ho jaata hai, notifications wrist pe hi aa jaate hain.",2
"Pehna hua comfortable hai, daily use ke liye perfect hai.",2
"Waterproof hai, swimming ke time bhi wear kar sakte ho.",2
"Sleep tracker feature bohot accha hai, meri sleep improve ho gayi.",2
"Bohot convenient hai, ab calls aur messages wrist pe hi dekh sakte ho.",2
Fitness goals track karne ke liye perfect device hai.,2
"Watch faces customize kar sakte ho, har din ek naya look milta hai.",2
Iske features aur design ke liye price value for money hai.,2
"Bohot responsive hai, lag ya delay ka koi issue nahi hai.",2
"Size perfectly fit hota hai, wrist pe bohot comfortable rehta hai.",2
Fitness tracker se apne goals easily monitor kar sakte ho.,2
"Iski design bohot modern aur stylish hai, koi bhi pehne to achha lagta hai.",2
"Battery life bohot acchi hai, full day use ke baad bhi charge zaroori nahi hota.",2
"Smartwatch se sab kuch control kar sakte ho, phone ki zaroorat nahi padti.",2
"Iska call answering feature bohot useful hai, kabhi bhi phone ke bina baat kar sakte ho.",2
"Mujhe yeh smartwatch bahut pasand aayi, features sab kuch perfect hain.",2
Fitness aur health ke liye perfect gadget hai.,2
"Har din naye features explore karte hain, bahut fun hai!",2
"Stylish, functional, aur affordable  perfect combination.",2
"Mujhe iski health monitoring features bohot achi lagi, accurate data milta hai.",2
"Sleep monitoring feature bohot useful hai, meri sleeping habits improve ho gayi hai.",2
"Iska user interface bohot easy hai, koi bhi easily use kar sakta hai.",2
"Call aur message notifications wrist pe mil jaati hain, convenient hai.",2
"Iska step counter feature bohot accha hai, accurate steps count karta hai.",2
"Mujhe yeh smartwatch ki battery life bohot pasand aayi, ek din bhi charge karne ki zaroorat nahi padti.",2
Ye smartwatch daily activities track karne ke liye perfect hai.,2
"Fitness tracking ke liye kaafi accurate hai, mujhe kabhi issue nahi aaya.",2
"Iska sleep monitor feature kaafi accurate hai, meri sleep cycle better ho gayi.",2
"Best smartwatch in this price range, features are top-notch.",2
"Bohot sleek design hai, wrist pe comfortable rehti hai.",2
"Notifications clear aur timely aati hain, phone ke bina bhi sab kuch check kar sakte ho.",2
"Iska display bohot bright aur sharp hai, outdoor mein bhi clearly visible hota hai.",2
"Health monitoring ke liye perfect device hai, sab kuch accurately track karta hai.",2
Mujhe iske customizable watch faces bohot ache lagte hain.,2
"GPS functionality bohot reliable hai, tracking karna kaafi easy ho gaya hai.",2
"Fitness features kaafi useful hain, daily exercise aur activity track karne mein madad milti hai.",2
"Mujhe iski build quality bohot achi lagi, sturdy aur durable hai.",2
Mujhe iske fitness alerts aur notifications bohot helpful lagte hain.,2
"Wrist pe pehene ke baad bohot comfortable lagti hai, lightweight hai.",2
"Fitness enthusiasts ke liye best smartwatch hai, har ek feature milta hai.",2
"Stylish aur functional, dono qualities hain ismein.",2
"Battery backup bohot accha hai, aaj kal har din use kar ke bhi charge nahi karna padta.",2
"Mujhe iske sleep tracker feature se kaafi help mili hai, ab meri sleep cycle better ho gayi.",2
Iska call answering aur notification system kaafi convenient hai.,2
Workout ke dauraan iski heart rate monitoring accurate hai.,2
"Pehne mein comfortable lagti hai, koi irritation nahi hoti.",2
"Smartwatch kaafi sleek aur modern design mein aata hai, wrist pe kaafi stylish lagta hai.",2
Har din ka health data track karne mein madad milti hai.,2
Iski weather update feature bhi kaafi useful hai.,2
Battery life aur features dono bohot acchi hai.,2
Iski functionality ke liye price worth it hai.,2
GPS tracking feature se running karna bohot easy ho gaya.,2
"Bohot fast charging hai, jaldi charge ho jaati hai.",2
"Pehne ke baad kabhi bhi feel nahi hota, lightweight hai.",2
"Iska workout monitoring feature bohot useful hai, har cheez track hoti hai.",2
Call aur messages ko wrist pe check karne mein kaafi asaani hoti hai.,2
Mujhe yeh smartwatch ka design aur performance dono bohot acchi lagi.,2
"Bohot durable aur reliable smartwatch hai, daily use ke liye perfect.",2
Iska user interface simple aur easy to navigate hai.,2
Fitness goals ko track karna aur achieve karna isse bohot easy ho gaya.,2
Mujhe yeh smartwatch health monitoring aur daily use ke liye perfect lagti hai.,2
Waterproof feature ke wajah se swimming ke time bhi use kar sakte ho.,2
"Iske features kaafi helpful hain, fitness aur health ke liye.",2
Iske design aur functionality dono mein balance hai.,2
Fitness tracking ke liye sabse best smartwatch hai.,2
"Mujhe yeh smartwatch ka battery backup bohot accha laga, kaafi time tak chalti hai.",2
"Iski overall performance bohot acchi hai, price ke hisaab se value for money.",2
"Yeh phone ka camera bilkul DSLR jaise lagta hai, amazing quality!",2
"Battery life toh zabardast hai, din bhar chalti hai bina charge kiye.",2
"Display kaafi bright aur clear hai, videos dekhna ek pleasure hai.",2
"Gaming performance is top-notch, koi lag nahi hota.",2
"Processor kaafi fast hai, multitasking easily ho jaata hai.",2
"Yeh phone ka design sleek aur stylish hai, classy feel hota hai.",2
"Sound quality is crystal clear, music ka maza aa jaata hai.",2
"Fast charging feature bahut convenient hai, minutes mein charge ho jaata hai.",2
"Iski storage capacity sufficient hai, bohot saari files save kar sakte hain.",2
"Face unlock feature lightning fast hai, secure bhi hai.",2
"Display size perfect hai, one-hand usage bahut comfortable hai.",2
"Camera features bohot saare hain, photo editing bhi easy hai.",2
Iska software bilkul smooth aur lag-free hai.,2
"Yeh phone lightweight hai, carry karna easy lagta hai.",2
Build quality kaafi premium feel hoti hai.,2
"Battery optimization excellent hai, background apps manage kar leta hai.",2
"Iska selfie camera kaafi impressive hai, photos bohot ache aate hain.",2
"Waterproof feature kaafi helpful hai, accidental splashes se koi problem nahi.",2
Gaming ke liye dedicated cooling system kaafi acha hai.,2
Iska fingerprint sensor ultra-responsive aur accurate hai.,2
"Phone ka night mode camera bahut badiya hai, dark me bhi clear photos.",2
"Wi-Fi connectivity kaafi stable hai, fast internet experience hota hai.",2
"Screen-to-body ratio impressive hai, immersive experience milta hai.",2
Iska performance heavy usage mein bhi excellent hai.,2
Phone ki sound output loud aur distortion-free hai.,2
Iske color options stylish aur unique hain.,2
"Yeh phone ki packaging bhi premium thi, first impression acha ban gaya.",2
"OS updates timely milte hain, new features enjoy kar sakte hain.",2
"Dual SIM feature useful hai, kaafi convenient lagta hai.",2
"Video calling quality high definition hai, experience smooth lagta hai.",2
Is phone ka camera portrait mode next level hai.,2
Price ke hisaab se yeh phone ek perfect deal hai.,2
"Iska AI assistant useful aur fast hai, daily tasks easy banata hai.",2
"Battery saver mode effective hai, emergency mein kaafi kaam aata hai.",2
"Is phone ke display ka refresh rate amazing hai, smooth scrolling experience.",2
Dolby Atmos support hone ki wajah se movies ka experience next level hai.,2
Iska macro camera photos kaafi detailed banata hai.,2
"Expandable storage option useful hai, unlimited photos save kar sakte hain.",2
"Iske gestures kaafi intuitive hain, usage easy aur fast ho jaata hai.",2
"Yeh phone ka RAM management efficient hai, apps instantly open hoti hain.",2
Dual speakers hone ki wajah se stereo sound kaafi acha lagta hai.,2
"Charging indicator stylish hai, phone ka look enhance karta hai.",2
"Earpiece sound kaafi clear hai, calls ka experience smooth lagta hai.",2
Is phone ka gaming performance kaafi satisfying lagta hai.,2
"Mobile data speed is awesome, browsing aur downloads fast hain.",2
Camera stabilization feature videos smooth aur professional banata hai.,2
5G ready phone hone se future proof lagta hai.,2
"Phone ke edges rounded aur smooth hain, comfortable lagta hai.",2
"Iska ultra-wide camera kaafi impressive hai, group photos easy hain.",2
Built-in photo editor kaafi useful aur professional features deta hai.,2
"Battery health indicator helpful hai, maintenance easy ho jaata hai.",2
"Is phone ka screen protector high quality ka hai, durable lagta hai.",2
Phone ki notification light subtle aur stylish lagti hai.,2
Dual-band Wi-Fi support ki wajah se faster internet experience milta hai.,2
Is phone ka camera pro mode professional photography ka experience deta hai.,2
Cooling mechanism ke wajah se heavy gaming mein phone heat nahi hota.,2
"Yeh phone ka material eco-friendly hai, sustainable lagta hai.",2
Phone ki flashlight bohot bright aur useful hai.,2
Is phone ki camera app user-friendly aur features rich hai.,2
Yeh phone ka data transfer speed kaafi fast hai.,2
"Phone ke bezels minimal hain, display kaafi immersive lagta hai.",2
Dynamic wallpapers ka feature kaafi cool aur attractive hai.,2
Is phone ka call recording feature kaafi seamless hai.,2
"Screen ka anti-glare coating useful hai, bright light mein bhi clear dikhai deta hai.",2
"In-built QR code scanner kaafi useful hai, extra apps ki zarurat nahi.",2
"Yeh phone ke multiple user profiles feature useful hai, kaafi convenient lagta hai.",2
Is phone ka low-light performance camera kaafi achha hai.,2
Pre-installed apps useful aur daily life ke liye kaafi helpful hain.,2
Phone ka UI customization kaafi extensive aur easy hai.,2
Iska camera zoom kaafi smooth aur detailed photos leta hai.,2
Yeh phone ke AI-based features kaafi smart aur efficient hain.,2
Screen guard installation easy aur protective lagta hai.,2
"Yeh phone HDR content ke liye optimized hai, videos dekhna kaafi enjoyable lagta hai.",2
"Charging cable durable aur long enough hai, use karna easy lagta hai.",2
"Screen color accuracy kaafi impressive hai, photo editing mein useful hai.",2
Yeh phone ek compact aur powerhouse device hai.,2
"Phone ka sound equalizer kaafi useful hai, customizations ka option deta hai.",2
5G connectivity ke saath internet speed blazing fast hai.,2
Is phone ke camera AI filters kaafi attractive aur fun hain.,2
Yeh phone ka Bluetooth connectivity stable aur fast hai.,2
Display resolution kaafi high aur sharpness amazing hai.,2
Phone ka system backup feature kaafi reliable hai.,2
Is phone ka dual app feature useful aur productive lagta hai.,2
Yeh phone ke haptic feedback kaafi smooth aur premium feel karata hai.,2
Iska wireless charging feature kaafi convenient aur fast hai.,2
"Screen mirroring seamless hai, TV experience easy banata hai.",2
Is phone ka color reproduction stunning aur natural hai.,2
Phone ka size aur weight perfect daily use ke liye hai.,2
Is phone ke widgets kaafi interactive aur customizable hain.,2
Gaming me kaafi fluid aur lag-free experience milta hai.,2
Is phone ka OS kaafi polished aur stable lagta hai.,2
"Yeh phone ka RAM aur storage combo perfect hai, performance kaafi acha hai.",2
"Fingerprint unlock kaafi fast aur accurate hai, convenience kaafi badh jata hai.",2
"Washing machine kaafi sahi hai, par kuch features extra hote to aur achha hota.",1
"Kapde saaf ho jaate hain, lekin kabhi kabhi time zyada lagta hai.",1
"Machine ka design theek hai, par build quality average lagti hai.",1
"Performance decent hai, par kabhi kabhi kapde properly dry nahi hote.",1
"Noise level manageable hai, lekin aur silent ho sakti thi.",1
"Price thoda high lagta hai, par kaam theek se kar rahi hai.",1
"Buttons kaafi responsive hain, par manual samajhne mein time lagta hai.",1
"Water consumption moderate hai, but energy efficiency aur achhi ho sakti thi.",1
Washing ke baad kapdon ki quality decent lagti hai.,1
"Installation process smooth tha, but instructions thodi confusing thi.",1
"Dryer theek se kaam karta hai, lekin kabhi kabhi extra spin karni padti hai.",1
"Machine ka weight manageable hai, lekin portability thodi better ho sakti thi.",1
"Warranty kaafi achhi hai, lekin service ka experience mila-jula tha.",1
"Machine ka size compact hai, lekin chhoti family ke liye zyada suitable lagti hai.",1
"Display informative hai, but aur user-friendly design ho sakti thi.",1
"Machine ke programs useful hain, par variety aur honi chahiye thi.",1
"Machine ke colors decent hain, lekin aur options hone chahiye.",1
"Usage kaafi simple hai, par advanced users ke liye features limited hain.",1
"Cleaning ke baad kapde soft lagte hain, but stains kabhi-kabhi remove nahi hote.",1
"Machine ki motor reliable lagti hai, lekin long-term usage ka pata nahi hai.",1
"Power consumption average hai, lekin aur efficient ho sakta tha.",1
"Machine ke parts sturdy lagte hain, lekin plastic quality better ho sakti thi.",1
"Installation ke liye time thoda zyada laga, par overall experience theek tha.",1
"Machine ka noise level acceptable hai, lekin high speed par noticeable hai.",1
"Delivery time sahi tha, par packaging aur secure ho sakti thi.",1
"Machine ka drain system theek hai, par kabhi kabhi blockage ho jaata hai.",1
"Customer support ka response timely tha, par aur professional ho sakta tha.",1
"Machine ka water inlet design better ho sakta hai, lekin kaam chal raha hai.",1
"Machine ki spin speed average hai, lekin heavy kapdon ke liye better ho sakti thi.",1
"Machine ka price decent lagta hai, lekin discounts ka scope hai.",1
"Build quality moderate hai, lekin thodi improvement ki zarurat lagti hai.",1
"Machine ka color theek hai, lekin aur vibrant options hone chahiye.",1
"Washing ka process straightforward hai, but user manual mein clarity ki kami hai.",1
"Machine lightweight hai, par stability aur improve ki ja sakti thi.",1
"Machine ka look modern hai, par kuch features basic lagte hain.",1
"Usage simple hai, lekin kabhi kabhi buttons press karne mein force lagta hai.",1
"Machine ka ek cycle kaafi time leta hai, lekin kapde saaf nikalte hain.",1
"Machine ke advanced features limited hain, lekin basic needs cover ho jaati hain.",1
"Installation ke baad machine smoothly chal rahi hai, lekin vibrations noticeable hain.",1
"Machine compact hai, lekin drum capacity aur zyada ho sakti thi.",1
"Detergent dispenser kaafi useful hai, lekin clean karne mein time lagta hai.",1
"Delivery fast thi, par packaging thodi aur secure ho sakti thi.",1
"Machine energy-efficient lagti hai, lekin water usage aur optimize ho sakta tha.",1
"Machine ke modes simple hain, lekin kuch aur options helpful hote.",1
"Water pressure ke liye machine zyada sensitive hai, lekin overall theek hai.",1
"Machine ki warranty standard hai, lekin extended warranty option hona chahiye tha.",1
"Machine ke control buttons easy to use hain, but better placement ho sakta tha.",1
"Installation theek tha, par process mein time zyada laga.",1
"Machine ka design sleek hai, lekin cleaning ke liye thoda effort lagta hai.",1
"Machine ke features basic lagte hain, lekin beginner-friendly hai.",1
"Washing performance consistent hai, but drying mein improvement ki zarurat hai.",1
"Machine ke programs kaafi limited hain, par basic needs cover ho jaati hain.",1
"Machine lightweight lagti hai, par material ki quality aur improve ho sakti hai.",1
"Machine ke sensors functional hain, par kabhi-kabhi accurate readings nahi dete.",1
"Machine ki warranty ka process smooth tha, lekin service mein improvement ki zarurat hai.",1
"Water inlet ka placement better ho sakta tha, lekin functionality mein issue nahi hai.",1
"Machine ka wash cycle kaafi effective hai, but drying mein improvement ki zarurat hai.",1
"Machine ka color kaafi plain lagta hai, lekin functionality achhi hai.",1
"Machine ke parts durable lagte hain, lekin plastic quality aur better ho sakti thi.",1
"Usage kaafi straightforward hai, par kabhi kabhi lag hota hai.",1
"Washing process effective hai, but drying mein aur speed chahiye hoti hai.",1
"Machine ka size compact hai, but larger family ke liye sufficient nahi lagta.",1
"Water-saving feature effective hai, lekin kabhi-kabhi pressure low lagta hai.",1
"Machine ka design modern lagta hai, lekin color options aur honi chahiye.",1
"Machine ka motor performance reliable lagta hai, lekin high load pe slow ho jaata hai.",1
"Energy efficiency theek hai, par long-term cost ke liye aur better ho sakti thi.",1
"Machine ka warranty period decent hai, lekin aur extendable hona chahiye tha.",1
"Usage simple lagta hai, lekin kabhi kabhi kapde tangling issue hota hai.",1
"Machine ka installation timely tha, par technician kaafi busy lagte hain.",1
"Cleaning process efficient hai, but heavy stains ke liye improvement ki zarurat hai.",1
"Machine ke features functional hain, par aur advanced options helpful hote.",1
"Noise level acceptable hai, par high spin par noticeable hai.",1
"Washing kaafi effective hai, but rinse cycle mein improvement ki zarurat hai.",1
"Delivery ka experience theek tha, but packaging aur better ho sakti thi.",1
"Machine ki motor long-lasting lagti hai, but high load ke liye zyada efficient nahi hai.",1
"Machine ka appearance simple hai, lekin stylish design ho sakta tha.",1
"Installation timely tha, lekin technician ka behavior aur professional ho sakta tha.",1
"Machine ka vibration control average hai, par aur stable ho sakti thi.",1
"Machine ki cleaning efficiency achhi hai, par drying speed slow lagti hai.",1
"Machine ke control buttons functional hain, but placement aur better ho sakti thi.",1
"Price range competitive hai, lekin features ke hisaab se thoda zyada lagta hai.",1
"Washing process smooth hai, lekin drying mein zyada time lagta hai.",1
"Machine ka water usage theek hai, par efficiency aur improve ki ja sakti hai.",1
"Machine ke programs basic hain, lekin beginners ke liye sufficient hai.",1
"Washing ka process simple hai, but drying ke liye aur optimization chahiye.",1
"Installation ka process timely tha, lekin thoda zyada time lagta hai.",1
"Machine ka design decent hai, but aur modern ho sakta tha.",1
"Washing performance effective hai, but drying ke liye aur improvement ki zarurat hai.",1
"Machine ke control buttons responsive hain, but placement aur better ho sakti thi.",1
"Warranty ka process smooth tha, par extended warranty ka option helpful hota.",1
"Water-saving feature functional hai, but kabhi kabhi pressure low lagta hai.",1
"Machine ka appearance simple hai, lekin aur stylish lagti to better hota.",1
"Noise level manageable hai, but aur silent ho sakti thi.",1
"Delivery fast thi, par packaging aur secure ho sakti thi.",1
"Washing kaafi smooth hai, but drying mein aur speed chahiye hoti hai.",1
"Energy efficiency theek hai, but long-term cost ke liye aur optimize ho sakta tha.",1
"Usage simple lagta hai, but kabhi kabhi lag issue hota hai.",1
"Kapde theek hai, na bohot ache na bohot bure.",1
"Fabric ki quality normal hai, jaise expect kiya tha.",1
"Stitching average hai, price ke hisaab se theek hai.",1
"Colors ache hain, lekin thode fade ho sakte hain.",1
"Fitting theek hai, lekin perfect nahi hai.",1
"Delivery time par hui, lekin packaging better ho sakti thi.",1
"Design acha hai, lekin kuch alag nahi lagta.",1
"Kapde durable lagte hain, lekin long-term ka nahi pata.",1
Price ke hisaab se material decent hai.,1
"Pattern stylish hai, lekin quality mein aur improvement ki zarurat hai.",1
Clothing brand ka variety theek-thak hai.,1
"Customer service helpful hai, lekin zyada responsive ho sakti hai.",1
"Kapde lightweight hain, but softness average hai.",1
"Zyada stylish nahi, lekin daily wear ke liye theek hai.",1
"Color range badhiya hai, lekin sabhi color sabko suit nahi karte.",1
"Kapde kaafi normal quality ke hain, overpriced lagte hain.",1
"Fabric thoda patla hai, lekin comfort me thik hai.",1
"Brand ka packaging okayish tha, kuch khaas nahi.",1
"Kapde ironing ke baad ache lagte hain, lekin wrinkles jaldi aate hain.",1
"Thread work decent hai, lekin close-up mein flaws dikhte hain.",1
"Kapdon ka maintenance average hai, high maintenance nahi hai.",1
"Summer ke liye theek hain, lekin winter mein warm nahi rahenge.",1
"Kapdon ke color options theek-thak hain, lekin aur variety ho sakti hai.",1
"Fabric durable lagta hai, lekin kuch zyada soft nahi hai.",1
"Style trendy hai, lekin market mein aur bhi ache options hain.",1
"Packaging aur finishing average thi, kuch khaas nahi tha.",1
"Kapde lightweight hain, lekin transparency thodi zyada hai.",1
"Customer support ka response timely tha, lekin solutions generic the.",1
"Fitting thoda loose ya tight lagta hai, perfect nahi hai.",1
"Material average hai, daily wear ke liye theek hai.",1
"Price affordable lagta hai, lekin quality aur improve ho sakti hai.",1
"Kapdon ke prints ache hain, lekin kuch plain lagte hain.",1
"Kapdon ka stitching theek hai, durability ka kuch keh nahi sakte.",1
"Brand ka delivery timing normal tha, late nahi hui.",1
"Fabric ka thickness balanced hai, lekin zyada soft nahi hai.",1
"Kapdon ka design decent hai, lekin fashionable nahi lagta.",1
Wear and tear ke baad quality kaafi average hai.,1
"Wash ke baad kapde shrink nahi hue, lekin texture thoda change ho gaya.",1
"Kapde skin-friendly hain, lekin bohot breathable nahi lagte.",1
"Brand ka reputation theek hai, lekin unique kuch nahi laga.",1
Price ke hisaab se kapdon ki quality fair lagti hai.,1
"Kapde ke buttons aur zippers functional hain, lekin high quality ke nahi.",1
"Clothing style basic hai, lekin classy nahi lagta.",1
"Summer ke liye theek hain, lekin harsh sunlight mein fade ho sakte hain.",1
"Kapdon ka weight average hai, heavy ya lightweight nahi lagta.",1
"Packaging neat thi, lekin premium feel nahi aaya.",1
"Wash ke baad kapde manageable hain, lekin wrinkle-free nahi hain.",1
"Fabric ka texture normal hai, bohot soft nahi lagta.",1
Price aur quality ka balance thoda mismatch lagta hai.,1
"Stitching solid lagti hai, lekin design ordinary hai.",1
"Kapde ka shrinkage minimal tha, lekin stretchability kaafi limited hai.",1
"Fitting decent thi, lekin body shape ke hisaab se perfect nahi lagi.",1
"Kapdon ki variety okayish hai, bohot diverse nahi lagti.",1
"Delivery timely thi, lekin packaging mein uniqueness ki kami thi.",1
Kapde ka maintenance effort average lagta hai.,1
"Fabric absorbent lagta hai, lekin long-term durability ka pata nahi.",1
"Daily wear ke liye theek hain, lekin festive occasions ke liye nahi.",1
"Kapdon ka stitching neat hai, lekin thread ka quality better ho sakta tha.",1
"Kapde ka fall achha lagta hai, lekin movement restricted feel hoti hai.",1
"Design plain hai, lekin decent lagta hai.",1
"Kapde fitting ke hisaab se comfortable hain, lekin stylish nahi lagte.",1
"Brand ka customer care satisfactory tha, lekin kaafi basic tha.",1
"Colors vibrant hain, lekin wash ke baad dull ho sakte hain.",1
"Kapde ke edges neatly finished hain, lekin premium touch nahi lagta.",1
"Brand ka return policy simple hai, lekin zyada options nahi milte.",1
"Kapde ka overall feel theek hai, premium nahi lagta.",1
"Stitching tight lagti hai, lekin everyday wear ke liye theek hai.",1
"Kapdon ki transparency manageable hai, lekin sheer hai.",1
"Fabric ka softness average hai, lekin rough nahi lagta.",1
"Design simple aur functional hai, lekin stand-out nahi lagta.",1
"Kapde ka price zyada hai, lekin overall okayish hai.",1
"Kapde dry cleaning ke baad fresh lagte hain, lekin wash ke baad dull.",1
"Fabric ka thickness medium hai, lekin consistency nahi lagti.",1
"Packaging minimal thi, lekin kapde safe aaye.",1
Kapdon ka fitting body ke hisaab se okayish hai.,1
"Fabric breathable hai, lekin lightweight nahi hai.",1
"Kapdon ka maintenance moderate hai, zyada effort nahi lagta.",1
Kapde ke color options safe aur basic hain.,1
Wash ke baad shrinkage kaafi minor tha.,1
"Kapde ke threads visible hain, lekin tear nahi hota.",1
"Delivery time accurate tha, lekin brand communication basic tha.",1
"Kapdon ki quality decent hai, lekin long-lasting nahi lagte.",1
"Style modern hai, lekin trendy nahi lagta.",1
"Fitting adjustable hai, lekin elastic tight lagta hai.",1
Kapde ka casual wear mein use theek lagta hai.,1
"Thread count average hai, premium nahi hai.",1
"Kapde ka hand feel okayish hai, lekin harsh nahi hai.",1
"Packaging kaafi simple thi, lekin efficient thi.",1
"Kapdon ka delivery process smooth tha, lekin slow tha.",1
Fabric ka thickness aur softness balanced hai.,1
Kapdon ka variety aur range fair hai.,1
Brand ka pricing policy justified lagta hai.,1
Kapde ka washing ke baad fade nahi hua.,1
"Thread quality decent hai, lekin premium nahi.",1
Kapde ke maintenance mein zyada issues nahi hain.,1
"Colors kaafi average lagte hain, vibrant nahi hain.",1
Brand ka return exchange kaafi easy tha.,1
"Kapde ka stitching loose tha, lekin use karne mein dikkat nahi.",1
"Fabric ka thickness fair hai, lekin soft touch nahi hai.",1
Kapdon ka casual aur daily wear ke liye theek hai.,1
